FIPS,County,State,Estimated Exams
1001,Autauga,Alabama,721
1003,Baldwin,Alabama,2833
1005,Barbour,Alabama,360
1007,Bibb,Alabama,260
1009,Blount,Alabama,673
1011,Bullock,Alabama,150
1013,Butler,Alabama,304
1015,Calhoun,Alabama,1531
1017,Chambers,Alabama,533
1019,Cherokee,Alabama,304
1021,Chilton,Alabama,561
1023,Choctaw,Alabama,177
1025,Clarke,Alabama,359
1027,Clay,Alabama,189
1029,Cleburne,Alabama,182
1031,Coffee,Alabama,655
1033,Colbert,Alabama,735
1035,Conecuh,Alabama,185
1037,Coosa,Alabama,132
1039,Covington,Alabama,517
1041,Crenshaw,Alabama,202
1043,Cullman,Alabama,1038
1045,Dale,Alabama,659
1047,Dallas,Alabama,675
1049,Dekalb,Alabama,893
1051,Elmore,Alabama,1068
1053,Escambia,Alabama,504
1055,Etowah,Alabama,1381
1057,Fayette,Alabama,208
1059,Franklin,Alabama,404
1061,Geneva,Alabama,358
1063,Greene,Alabama,150
1065,Hale,Alabama,237
1067,Henry,Alabama,241
1069,Houston,Alabama,1528
1071,Jackson,Alabama,678
1073,Jefferson,Alabama,9899
1075,Lamar,Alabama,181
1077,Lauderdale,Alabama,1158
1079,Lawrence,Alabama,427
1081,Lee,Alabama,1944
1083,Limestone,Alabama,1125
1085,Lowndes,Alabama,202
1087,Macon,Alabama,302
1089,Madison,Alabama,4970
1091,Marengo,Alabama,303
1093,Marion,Alabama,358
1095,Marshall,Alabama,1288
1097,Mobile,Alabama,6156
1099,Monroe,Alabama,307
1101,Montgomery,Alabama,3549
1103,Morgan,Alabama,1618
1105,Perry,Alabama,162
1107,Pickens,Alabama,273
1109,Pike,Alabama,434
1111,Randolph,Alabama,311
1113,Russell,Alabama,893
1115,St. Clair,Alabama,1068
1117,Shelby,Alabama,2699
1119,Sumter,Alabama,205
1121,Talladega,Alabama,1098
1123,Tallapoosa,Alabama,597
1125,Tuscaloosa,Alabama,2599
1127,Walker,Alabama,802
1129,Washington,Alabama,222
1131,Wilcox,Alabama,194
1133,Winston,Alabama,308
2013,Aleutians East,Alaska,23
2016,Aleutians West Census Area,Alaska,60
2020,Anchorage,Alaska,4363
2050,Bethel,Alaska,250
2060,Bristol Bay,Alaska,7
2068,Denali,Alaska,26
2070,Dillingham,Alaska,64
2090,Fairbanks North Star,Alaska,1285
2100,Haines,Alaska,42
2105,Hoonah-Angoon,Alaska,39
2110,Juneau,Alaska,461
2122,Kenai Peninsula,Alaska,818
2130,Ketchikan Gateway,Alaska,201
2150,Kodiak Island,Alaska,197
2164,Lake and Peninsula,Alaska,19
2170,Matanuska-Susitna,Alaska,1191
2180,Nome,Alaska,125
2185,North Slope,Alaska,96
2188,Northwest Arctic,Alaska,91
2195,Petersburg,Alaska,53
2198,Prince of Wales-Hyder,Alaska,72
2220,Sitka,Alaska,131
2230,Skagway,Alaska,18
2240,Southeast Fairbanks,Alaska,98
2261,Valdez-Cordova,Alaska,143
2270,Wade Hampton,Alaska,118
2275,Wrangell,Alaska,38
2282,Yakutat,Alaska,3
2290,Yukon-Koyukuk,Alaska,86
4001,Apache,Arizona,912
4003,Cochise,Arizona,1688
4005,Coconino,Arizona,1795
4007,Gila,Arizona,698
4009,Graham,Arizona,370
4011,Greenlee,Arizona,94
4012,La Paz,Arizona,226
4013,Maricopa,Arizona,54632
4015,Mohave,Arizona,2575
4017,Navajo,Arizona,1364
4019,Pima,Arizona,13556
4021,Pinal,Arizona,4119
4023,Santa Cruz,Arizona,791
4025,Yavapai,Arizona,3067
4027,Yuma,Arizona,3082
5001,Arkansas,Arkansas,278
5003,Ashley,Arkansas,283
5005,Baxter,Arkansas,547
5007,Benton,Arkansas,3228
5009,Boone,Arkansas,490
5011,Bradley,Arkansas,152
5013,Calhoun,Arkansas,59
5015,Carroll,Arkansas,412
5017,Chicot,Arkansas,167
5019,Clark,Arkansas,272
5021,Clay,Arkansas,201
5023,Cleburne,Arkansas,328
5025,Cleveland,Arkansas,98
5027,Columbia,Arkansas,309
5029,Conway,Arkansas,266
5031,Craighead,Arkansas,1349
5033,Crawford,Arkansas,761
5035,Crittenden,Arkansas,808
5037,Cross,Arkansas,256
5039,Dallas,Arkansas,104
5041,Desha,Arkansas,188
5043,Drew,Arkansas,242
5045,Faulkner,Arkansas,1459
5047,Franklin,Arkansas,219
5049,Fulton,Arkansas,149
5051,Garland,Arkansas,1409
5053,Grant,Arkansas,217
5055,Greene,Arkansas,546
5057,Hempstead,Arkansas,311
5059,Hot Spring,Arkansas,399
5061,Howard,Arkansas,201
5063,Independence,Arkansas,461
5065,Izard,Arkansas,155
5067,Jackson,Arkansas,207
5069,Jefferson,Arkansas,1068
5071,Johnson,Arkansas,331
5073,Lafayette,Arkansas,99
5075,Lawrence,Arkansas,207
5077,Lee,Arkansas,124
5079,Lincoln,Arkansas,146
5081,Little River,Arkansas,162
5083,Logan,Arkansas,279
5085,Lonoke,Arkansas,890
5087,Madison,Arkansas,208
5089,Marion,Arkansas,210
5091,Miller,Arkansas,598
5093,Mississippi,Arkansas,640
5095,Monroe,Arkansas,116
5097,Montgomery,Arkansas,108
5099,Nevada,Arkansas,114
5101,Newton,Arkansas,103
5103,Ouachita,Arkansas,333
5105,Perry,Arkansas,131
5107,Phillips,Arkansas,309
5109,Pike,Arkansas,138
5111,Poinsett,Arkansas,319
5113,Polk,Arkansas,263
5115,Pope,Arkansas,799
5117,Prairie,Arkansas,107
5119,Pulaski,Arkansas,5888
5121,Randolph,Arkansas,231
5123,St. Francis,Arkansas,365
5125,Saline,Arkansas,1414
5127,Scott,Arkansas,141
5129,Searcy,Arkansas,110
5131,Sebastian,Arkansas,1729
5133,Sevier,Arkansas,218
5135,Sharp,Arkansas,219
5137,Stone,Arkansas,164
5139,Union,Arkansas,598
5141,Van Buren,Arkansas,205
5143,Washington,Arkansas,2915
5145,White,Arkansas,960
5147,Woodruff,Arkansas,101
5149,Yell,Arkansas,278
6001,Alameda,California,23111
6003,Alpine,California,6
6005,Amador,California,473
6007,Butte,California,2808
6009,Calaveras,California,596
6011,Colusa,California,297
6013,Contra Costa,California,16345
6015,Del Norte,California,304
6017,El Dorado,California,2605
6019,Fresno,California,13164
6021,Glenn,California,378
6023,Humboldt,California,1727
6025,Imperial,California,3000
6027,Inyo,California,246
6029,Kern,California,11012
6031,Kings,California,1739
6033,Lake,California,835
6035,Lassen,California,288
6037,Los Angeles,California,148401
6039,Madera,California,1868
6041,Marin,California,4561
6043,Mariposa,California,228
6045,Mendocino,California,1218
6047,Merced,California,3316
6049,Modoc,California,115
6051,Mono,California,181
6053,Monterey,California,5895
6055,Napa,California,1980
6057,Nevada,California,1499
6059,Orange,California,45583
6061,Placer,California,5035
6063,Plumas,California,256
6065,Riverside,California,30200
6067,Sacramento,California,19973
6069,San Benito,California,780
6071,San Bernardino,California,28127
6073,San Diego,California,47180
6075,San Francisco,California,14489
6077,San Joaquin,California,9332
6079,San Luis Obispo,California,3797
6081,San Mateo,California,11856
6083,Santa Barbara,California,5966
6085,Santa Clara,California,28785
6087,Santa Cruz,California,3992
6089,Shasta,California,2360
6091,Sierra,California,40
6093,Siskiyou,California,611
6095,Solano,California,5681
6097,Sonoma,California,6976
6099,Stanislaus,California,6888
6101,Sutter,California,1242
6103,Tehama,California,791
6105,Trinity,California,154
6107,Tulare,California,6104
6109,Tuolumne,California,701
6111,Ventura,California,12071
6113,Yolo,California,2555
6115,Yuba,California,897
8001,Adams,Colorado,6302
8003,Alamosa,Colorado,213
8005,Arapahoe,Colorado,8827
8007,Archuleta,Colorado,194
8009,Baca,Colorado,57
8011,Bent,Colorado,51
8013,Boulder,Colorado,4653
8014,Broomfield,Colorado,1000
8015,Chaffee,Colorado,256
8017,Cheyenne,Colorado,28
8019,Clear Creek,Colorado,142
8021,Conejos,Colorado,106
8023,Costilla,Colorado,47
8025,Crowley,Colorado,40
8027,Custer,Colorado,64
8029,Delta,Colorado,395
8031,Denver,Colorado,9965
8033,Dolores,Colorado,27
8035,Douglas,Colorado,4264
8037,Eagle,Colorado,797
8039,Elbert,Colorado,321
8041,El Paso,Colorado,8944
8043,Fremont,Colorado,520
8045,Garfield,Colorado,753
8047,Gilpin,Colorado,73
8049,Grand,Colorado,203
8051,Gunnison,Colorado,226
8053,Hinsdale,Colorado,4
8055,Huerfano,Colorado,91
8057,Jackson,Colorado,19
8059,Jefferson,Colorado,7887
8061,Kiowa,Colorado,14
8063,Kit Carson,Colorado,106
8065,Lake,Colorado,93
8067,La Plata,Colorado,779
8069,Larimer,Colorado,4410
8071,Las Animas,Colorado,184
8073,Lincoln,Colorado,68
8075,Logan,Colorado,251
8077,Mesa,Colorado,1982
8079,Mineral,Colorado,4
8081,Moffat,Colorado,170
8083,Montezuma,Colorado,365
8085,Montrose,Colorado,560
8087,Morgan,Colorado,387
8089,Otero,Colorado,251
8091,Ouray,Colorado,81
8093,Park,Colorado,201
8095,Phillips,Colorado,61
8097,Pitkin,Colorado,329
8099,Prowers,Colorado,162
8101,Pueblo,Colorado,2115
8103,Rio Blanco,Colorado,82
8105,Rio Grande,Colorado,200
8107,Routt,Colorado,376
8109,Saguache,Colorado,69
8111,San Juan,Colorado,3
8113,San Miguel,Colorado,129
8115,Sedgwick,Colorado,37
8117,Summit,Colorado,456
8119,Teller,Colorado,328
8121,Washington,Colorado,59
8123,Weld,Colorado,3501
8125,Yuma,Colorado,137
9001,Fairfield,Connecticut,14936
9003,Hartford,Connecticut,12857
9005,Litchfield,Connecticut,2598
9007,Middlesex,Connecticut,2287
9009,New Haven,Connecticut,11945
9011,New London,Connecticut,3771
9013,Tolland,Connecticut,1821
9015,Windham,Connecticut,1497
10001,Kent,Delaware,2288
10003,New Castle,Delaware,7642
10005,Sussex,Delaware,2998
11001,District of Columbia,District of Columbia,10492
12001,Alachua,Florida,3417
12003,Baker,Florida,325
12005,Bay,Florida,2730
12007,Bradford,Florida,325
12009,Brevard,Florida,8253
12011,Broward,Florida,31420
12013,Calhoun,Florida,171
12015,Charlotte,Florida,2334
12017,Citrus,Florida,1933
12019,Clay,Florida,2755
12021,Collier,Florida,5831
12023,Columbia,Florida,906
12027,Desoto,Florida,401
12029,Dixie,Florida,179
12031,Duval,Florida,13998
12033,Escambia,Florida,4461
12035,Flagler,Florida,1507
12037,Franklin,Florida,158
12039,Gadsden,Florida,723
12041,Gilchrist,Florida,208
12043,Glades,Florida,127
12045,Gulf,Florida,190
12047,Hamilton,Florida,171
12049,Hardee,Florida,344
12051,Hendry,Florida,558
12053,Hernando,Florida,2355
12055,Highlands,Florida,1344
12057,Hillsborough,Florida,20096
12059,Holmes,Florida,232
12061,Indian River,Florida,2286
12063,Jackson,Florida,612
12065,Jefferson,Florida,194
12067,Lafayette,Florida,85
12069,Lake,Florida,4518
12071,Lee,Florida,10106
12073,Leon,Florida,3856
12075,Levy,Florida,564
12077,Liberty,Florida,86
12079,Madison,Florida,256
12081,Manatee,Florida,5105
12083,Marion,Florida,4917
12085,Martin,Florida,2360
12086,Miami-Dade,Florida,46839
12087,Monroe,Florida,1477
12089,Nassau,Florida,1113
12091,Okaloosa,Florida,2935
12093,Okeechobee,Florida,500
12095,Orange,Florida,20264
12097,Osceola,Florida,5075
12099,Palm Beach,Florida,23214
12101,Pasco,Florida,6517
12103,Pinellas,Florida,14193
12105,Polk,Florida,8995
12107,Putnam,Florida,972
12109,St. Johns,Florida,3186
12111,St. Lucie,Florida,4323
12113,Santa Rosa,Florida,2132
12115,Sarasota,Florida,6145
12117,Seminole,Florida,6640
12119,Sumter,Florida,1398
12121,Suwannee,Florida,553
12123,Taylor,Florida,278
12125,Union,Florida,154
12127,Volusia,Florida,7575
12129,Wakulla,Florida,389
12131,Walton,Florida,936
12133,Washington,Florida,303
13001,Appling,Georgia,247
13003,Atkinson,Georgia,127
13005,Bacon,Georgia,151
13007,Baker,Georgia,45
13009,Baldwin,Georgia,596
13011,Banks,Georgia,228
13013,Barrow,Georgia,990
13015,Bartow,Georgia,1393
13017,Ben Hill,Georgia,257
13019,Berrien,Georgia,248
13021,Bibb,Georgia,2454
13023,Bleckley,Georgia,161
13025,Brantley,Georgia,217
13027,Brooks,Georgia,232
13029,Bryan,Georgia,487
13031,Bulloch,Georgia,871
13033,Burke,Georgia,356
13035,Butts,Georgia,313
13037,Calhoun,Georgia,86
13039,Camden,Georgia,671
13043,Candler,Georgia,150
13045,Carroll,Georgia,1529
13047,Catoosa,Georgia,804
13049,Charlton,Georgia,124
13051,Chatham,Georgia,4239
13053,Chattahoochee,Georgia,103
13055,Chattooga,Georgia,323
13057,Cherokee,Georgia,3049
13059,Clarke,Georgia,1480
13061,Clay,Georgia,46
13063,Clayton,Georgia,4682
13065,Clinch,Georgia,100
13067,Cobb,Georgia,10923
13069,Coffee,Georgia,611
13071,Colquitt,Georgia,652
13073,Columbia,Georgia,1777
13075,Cook,Georgia,242
13077,Coweta,Georgia,1838
13079,Crawford,Georgia,170
13081,Crisp,Georgia,343
13083,Dade,Georgia,194
13085,Dawson,Georgia,306
13087,Decatur,Georgia,426
13089,Dekalb,Georgia,11893
13091,Dodge,Georgia,273
13093,Dooly,Georgia,157
13095,Dougherty,Georgia,1510
13097,Douglas,Georgia,1996
13099,Early,Georgia,173
13101,Echols,Georgia,48
13103,Effingham,Georgia,716
13105,Elbert,Georgia,283
13107,Emanuel,Georgia,348
13109,Evans,Georgia,158
13111,Fannin,Georgia,339
13113,Fayette,Georgia,1572
13115,Floyd,Georgia,1313
13117,Forsyth,Georgia,2605
13119,Franklin,Georgia,298
13121,Fulton,Georgia,16164
13123,Gilmer,Georgia,398
13125,Glascock,Georgia,34
13127,Glynn,Georgia,1242
13129,Gordon,Georgia,746
13131,Grady,Georgia,357
13133,Greene,Georgia,279
13135,Gwinnett,Georgia,12796
13137,Habersham,Georgia,539
13139,Hall,Georgia,2603
13141,Hancock,Georgia,125
13143,Haralson,Georgia,371
13145,Harris,Georgia,425
13147,Hart,Georgia,336
13149,Heard,Georgia,146
13151,Henry,Georgia,3031
13153,Houston,Georgia,2090
13155,Irwin,Georgia,129
13157,Jackson,Georgia,820
13159,Jasper,Georgia,187
13161,Jeff Davis,Georgia,207
13163,Jefferson,Georgia,269
13165,Jenkins,Georgia,115
13167,Johnson,Georgia,109
13169,Jones,Georgia,377
13171,Lamar,Georgia,246
13173,Lanier,Georgia,128
13175,Laurens,Georgia,733
13177,Lee,Georgia,415
13179,Liberty,Georgia,940
13181,Lincoln,Georgia,109
13183,Long,Georgia,182
13185,Lowndes,Georgia,1563
13187,Lumpkin,Georgia,359
13189,Mcduffie,Georgia,331
13191,Mcintosh,Georgia,182
13193,Macon,Georgia,184
13195,Madison,Georgia,373
13197,Marion,Georgia,102
13199,Meriwether,Georgia,329
13201,Miller,Georgia,89
13205,Mitchell,Georgia,332
13207,Monroe,Georgia,369
13209,Montgomery,Georgia,112
13211,Morgan,Georgia,282
13213,Murray,Georgia,506
13215,Muscogee,Georgia,3191
13217,Newton,Georgia,1520
13219,Oconee,Georgia,483
13221,Oglethorpe,Georgia,186
13223,Paulding,Georgia,1874
13225,Peach,Georgia,389
13227,Pickens,Georgia,436
13229,Pierce,Georgia,260
13231,Pike,Georgia,227
13233,Polk,Georgia,543
13235,Pulaski,Georgia,134
13237,Putnam,Georgia,321
13239,Quitman,Georgia,30
13241,Rabun,Georgia,234
13243,Randolph,Georgia,113
13245,Richmond,Georgia,3080
13247,Rockdale,Georgia,1287
13249,Schley,Georgia,66
13251,Screven,Georgia,208
13253,Seminole,Georgia,138
13255,Spalding,Georgia,959
13257,Stephens,Georgia,338
13259,Stewart,Georgia,66
13261,Sumter,Georgia,469
13263,Talbot,Georgia,97
13265,Taliaferro,Georgia,17
13267,Tattnall,Georgia,282
13269,Taylor,Georgia,118
13271,Telfair,Georgia,151
13273,Terrell,Georgia,163
13275,Thomas,Georgia,676
13277,Tift,Georgia,634
13279,Toombs,Georgia,417
13281,Towns,Georgia,157
13283,Treutlen,Georgia,90
13285,Troup,Georgia,1058
13287,Turner,Georgia,142
13289,Twiggs,Georgia,128
13291,Union,Georgia,298
13293,Upson,Georgia,371
13295,Walker,Georgia,846
13297,Walton,Georgia,1170
13299,Ware,Georgia,488
13301,Warren,Georgia,91
13303,Washington,Georgia,302
13305,Wayne,Georgia,382
13307,Webster,Georgia,31
13309,Wheeler,Georgia,70
13311,White,Georgia,358
13313,Whitfield,Georgia,1407
13315,Wilcox,Georgia,105
13317,Wilkes,Georgia,153
13319,Wilkinson,Georgia,140
13321,Worth,Georgia,316
15001,Hawaii,Hawaii,2752
15003,Honolulu,Hawaii,13839
15007,Kauai,Hawaii,1034
15009,Maui,Hawaii,2369
16001,Ada,Idaho,5687
16003,Adams,Idaho,60
16005,Bannock,Idaho,1038
16007,Bear Lake,Idaho,73
16009,Benewah,Idaho,116
16011,Bingham,Idaho,572
16013,Blaine,Idaho,385
16015,Boise,Idaho,92
16017,Bonner,Idaho,591
16019,Bonneville,Idaho,1407
16021,Boundary,Idaho,160
16023,Butte,Idaho,38
16025,Camas,Idaho,4
16027,Canyon,Idaho,2581
16029,Caribou,Idaho,83
16031,Cassia,Idaho,290
16033,Clark,Idaho,6
16035,Clearwater,Idaho,106
16037,Custer,Idaho,60
16039,Elmore,Idaho,340
16041,Franklin,Idaho,151
16043,Fremont,Idaho,166
16045,Gem,Idaho,221
16047,Gooding,Idaho,196
16049,Idaho,Idaho,198
16051,Jefferson,Idaho,317
16053,Jerome,Idaho,299
16055,Kootenai,Idaho,2092
16057,Latah,Idaho,433
16059,Lemhi,Idaho,111
16061,Lewis,Idaho,63
16063,Lincoln,Idaho,69
16065,Madison,Idaho,374
16067,Minidoka,Idaho,273
16069,Nez Perce,Idaho,517
16071,Oneida,Idaho,54
16073,Owyhee,Idaho,148
16075,Payette,Idaho,307
16077,Power,Idaho,99
16079,Shoshone,Idaho,163
16081,Teton,Idaho,135
16083,Twin Falls,Idaho,1100
16085,Valley,Idaho,151
16087,Washington,Idaho,138
17001,Adams,Illinois,915
17003,Alexander,Illinois,93
17005,Bond,Illinois,203
17007,Boone,Illinois,720
17009,Brown,Illinois,64
17011,Bureau,Illinois,473
17013,Calhoun,Illinois,57
17015,Carroll,Illinois,215
17017,Cass,Illinois,188
17019,Champaign,Illinois,2479
17021,Christian,Illinois,446
17023,Clark,Illinois,217
17025,Clay,Illinois,186
17027,Clinton,Illinois,464
17029,Coles,Illinois,627
17031,Cook,Illinois,78980
17033,Crawford,Illinois,250
17035,Cumberland,Illinois,138
17037,Dekalb,Illinois,1277
17039,De Witt,Illinois,220
17041,Douglas,Illinois,274
17043,Dupage,Illinois,13676
17045,Edgar,Illinois,243
17047,Edwards,Illinois,85
17049,Effingham,Illinois,486
17051,Fayette,Illinois,278
17053,Ford,Illinois,187
17055,Franklin,Illinois,513
17057,Fulton,Illinois,456
17059,Gallatin,Illinois,70
17061,Greene,Illinois,170
17063,Grundy,Illinois,664
17065,Hamilton,Illinois,110
17067,Hancock,Illinois,250
17069,Hardin,Illinois,50
17071,Henderson,Illinois,97
17073,Henry,Illinois,667
17075,Iroquois,Illinois,402
17077,Jackson,Illinois,725
17079,Jasper,Illinois,131
17081,Jefferson,Illinois,508
17083,Jersey,Illinois,286
17085,Jo Daviess,Illinois,340
17087,Johnson,Illinois,142
17089,Kane,Illinois,6973
17091,Kankakee,Illinois,1490
17093,Kendall,Illinois,1492
17095,Knox,Illinois,685
17097,Lake,Illinois,10638
17099,Lasalle,Illinois,1513
17101,Lawrence,Illinois,189
17103,Lee,Illinois,462
17105,Livingston,Illinois,483
17107,Logan,Illinois,357
17109,Mcdonough,Illinois,356
17111,Mchenry,Illinois,4190
17113,Mclean,Illinois,2162
17115,Macon,Illinois,1493
17117,Macoupin,Illinois,597
17119,Madison,Illinois,3556
17121,Marion,Illinois,542
17123,Marshall,Illinois,160
17125,Mason,Illinois,190
17127,Massac,Illinois,195
17129,Menard,Illinois,169
17131,Mercer,Illinois,210
17133,Monroe,Illinois,441
17135,Montgomery,Illinois,359
17137,Morgan,Illinois,459
17139,Moultrie,Illinois,188
17141,Ogle,Illinois,707
17143,Peoria,Illinois,2746
17145,Perry,Illinois,258
17147,Piatt,Illinois,224
17149,Pike,Illinois,213
17151,Pope,Illinois,50
17153,Pulaski,Illinois,79
17155,Putnam,Illinois,82
17157,Randolph,Illinois,383
17159,Richland,Illinois,219
17161,Rock Island,Illinois,2049
17163,St. Clair,Illinois,3721
17165,Saline,Illinois,323
17167,Sangamon,Illinois,2885
17169,Schuyler,Illinois,95
17171,Scott,Illinois,65
17173,Shelby,Illinois,286
17175,Stark,Illinois,79
17177,Stephenson,Illinois,657
17179,Tazewell,Illinois,1774
17181,Union,Illinois,228
17183,Vermilion,Illinois,1058
17185,Wabash,Illinois,155
17187,Warren,Illinois,236
17189,Washington,Illinois,193
17191,Wayne,Illinois,208
17193,White,Illinois,193
17195,Whiteside,Illinois,788
17197,will,Illinois,9188
17199,Williamson,Illinois,901
17201,Winnebago,Illinois,4098
17203,Woodford,Illinois,493
18001,Adams,Indiana,408
18003,Allen,Indiana,5145
18005,Bartholomew,Indiana,1080
18007,Benton,Indiana,125
18009,Blackford,Indiana,172
18011,Boone,Indiana,888
18013,Brown,Indiana,223
18015,Carroll,Indiana,266
18017,Cass,Indiana,530
18019,Clark,Indiana,1567
18021,Clay,Indiana,357
18023,Clinton,Indiana,435
18025,Crawford,Indiana,143
18027,Daviess,Indiana,414
18029,Dearborn,Indiana,668
18031,Decatur,Indiana,365
18033,Dekalb,Indiana,568
18035,Delaware,Indiana,1449
18037,Dubois,Indiana,579
18039,Elkhart,Indiana,2698
18041,Fayette,Indiana,310
18043,Floyd,Indiana,1063
18045,Fountain,Indiana,224
18047,Franklin,Indiana,313
18049,Fulton,Indiana,290
18051,Gibson,Indiana,438
18053,Grant,Indiana,897
18055,Greene,Indiana,417
18057,Hamilton,Indiana,4169
18059,Hancock,Indiana,944
18061,Harrison,Indiana,514
18063,Hendricks,Indiana,1976
18065,Henry,Indiana,625
18067,Howard,Indiana,1171
18069,Huntington,Indiana,493
18071,Jackson,Indiana,610
18073,Jasper,Indiana,418
18075,Jay,Indiana,283
18077,Jefferson,Indiana,433
18079,Jennings,Indiana,381
18081,Johnson,Indiana,1964
18083,Knox,Indiana,487
18085,Kosciusko,Indiana,1077
18087,Lagrange,Indiana,444
18089,Lake,Indiana,6780
18091,Laporte,Indiana,1509
18093,Lawrence,Indiana,607
18095,Madison,Indiana,1750
18097,Marion,Indiana,14188
18099,Marshall,Indiana,623
18101,Martin,Indiana,129
18103,Miami,Indiana,454
18105,Monroe,Indiana,1612
18107,Montgomery,Indiana,506
18109,Morgan,Indiana,956
18111,Newton,Indiana,191
18113,Noble,Indiana,605
18115,Ohio,Indiana,78
18117,Orange,Indiana,271
18119,Owen,Indiana,286
18121,Parke,Indiana,203
18123,Perry,Indiana,240
18125,Pike,Indiana,157
18127,Porter,Indiana,2213
18129,Posey,Indiana,328
18131,Pulaski,Indiana,176
18133,Putnam,Indiana,447
18135,Randolph,Indiana,348
18137,Ripley,Indiana,369
18139,Rush,Indiana,234
18141,St. Joseph,Indiana,3731
18143,Scott,Indiana,317
18145,Shelby,Indiana,603
18147,Spencer,Indiana,264
18149,Starke,Indiana,309
18151,Steuben,Indiana,474
18153,Sullivan,Indiana,258
18155,Switzerland,Indiana,124
18157,Tippecanoe,Indiana,2094
18159,Tipton,Indiana,206
18161,Union,Indiana,93
18163,Vanderburgh,Indiana,2478
18165,Vermillion,Indiana,211
18167,Vigo,Indiana,1394
18169,Wabash,Indiana,425
18171,Warren,Indiana,114
18173,Warrick,Indiana,806
18175,Washington,Indiana,375
18177,Wayne,Indiana,927
18179,Wells,Indiana,357
18181,White,Indiana,346
18183,Whitley,Indiana,438
19001,Adair,Iowa,100
19003,Adams,Iowa,59
19005,Allamakee,Iowa,198
19007,Appanoose,Iowa,173
19009,Audubon,Iowa,83
19011,Benton,Iowa,316
19013,Black Hawk,Iowa,1670
19015,Boone,Iowa,335
19017,Bremer,Iowa,283
19019,Buchanan,Iowa,253
19021,Buena Vista,Iowa,293
19023,Butler,Iowa,184
19025,Calhoun,Iowa,132
19027,Carroll,Iowa,282
19029,Cass,Iowa,194
19031,Cedar,Iowa,232
19033,Cerro Gordo,Iowa,592
19035,Cherokee,Iowa,169
19037,Chickasaw,Iowa,163
19039,Clarke,Iowa,128
19041,Clay,Iowa,225
19043,Clayton,Iowa,241
19045,Clinton,Iowa,639
19047,Crawford,Iowa,232
19049,Dallas,Iowa,1013
19051,Davis,Iowa,113
19053,Decatur,Iowa,105
19055,Delaware,Iowa,231
19057,Des Moines,Iowa,557
19059,Dickinson,Iowa,251
19061,Dubuque,Iowa,1272
19063,Emmet,Iowa,128
19065,Fayette,Iowa,259
19067,Floyd,Iowa,212
19069,Franklin,Iowa,143
19071,Fremont,Iowa,93
19073,Greene,Iowa,129
19075,Grundy,Iowa,159
19077,Guthrie,Iowa,151
19079,Hamilton,Iowa,202
19081,Hancock,Iowa,141
19083,Hardin,Iowa,224
19085,Harrison,Iowa,192
19087,Henry,Iowa,253
19089,Howard,Iowa,134
19091,Humboldt,Iowa,132
19093,Ida,Iowa,101
19095,Iowa,Iowa,212
19097,Jackson,Iowa,267
19099,Jasper,Iowa,451
19101,Jefferson,Iowa,245
19103,Johnson,Iowa,1741
19105,Jones,Iowa,247
19107,Keokuk,Iowa,137
19109,Kossuth,Iowa,209
19111,Lee,Iowa,462
19113,Linn,Iowa,2862
19115,Louisa,Iowa,143
19117,Lucas,Iowa,118
19119,Lyon,Iowa,144
19121,Madison,Iowa,193
19123,Mahaska,Iowa,274
19125,Marion,Iowa,397
19127,Marshall,Iowa,518
19129,Mills,Iowa,186
19131,Mitchell,Iowa,137
19133,Monona,Iowa,122
19135,Monroe,Iowa,107
19137,Montgomery,Iowa,141
19139,Muscatine,Iowa,589
19141,O'brien,Iowa,187
19143,Osceola,Iowa,83
19145,Page,Iowa,191
19147,Palo Alto,Iowa,119
19149,Plymouth,Iowa,330
19151,Pocahontas,Iowa,102
19153,Polk,Iowa,6126
19155,Pottawattamie,Iowa,1218
19157,Poweshiek,Iowa,228
19159,Ringgold,Iowa,70
19161,Sac,Iowa,140
19163,Scott,Iowa,2366
19165,Shelby,Iowa,162
19167,Sioux,Iowa,381
19169,Story,Iowa,952
19171,Tama,Iowa,238
19173,Taylor,Iowa,86
19175,Union,Iowa,167
19177,Van Buren,Iowa,97
19179,Wapello,Iowa,470
19181,Warren,Iowa,585
19183,Washington,Iowa,289
19185,Wayne,Iowa,88
19187,Webster,Iowa,476
19189,Winnebago,Iowa,144
19191,Winneshiek,Iowa,260
19193,Woodbury,Iowa,1390
19195,Worth,Iowa,103
19197,Wright,Iowa,171
20001,Allen,Kansas,185
20003,Anderson,Kansas,109
20005,Atchison,Kansas,204
20007,Barber,Kansas,76
20009,Barton,Kansas,365
20011,Bourbon,Kansas,207
20013,Brown,Kansas,139
20015,Butler,Kansas,810
20017,Chase,Kansas,41
20019,Chautauqua,Kansas,52
20021,Cherokee,Kansas,276
20023,Cheyenne,Kansas,46
20025,Clark,Kansas,32
20027,Clay,Kansas,111
20029,Cloud,Kansas,123
20031,Coffey,Kansas,119
20033,Comanche,Kansas,25
20035,Cowley,Kansas,466
20037,Crawford,Kansas,506
20039,Decatur,Kansas,46
20041,Dickinson,Kansas,263
20043,Doniphan,Kansas,102
20045,Douglas,Kansas,1400
20047,Edwards,Kansas,45
20049,Elk,Kansas,39
20051,Ellis,Kansas,370
20053,Ellsworth,Kansas,74
20055,Finney,Kansas,548
20057,Ford,Kansas,481
20059,Franklin,Kansas,345
20061,Geary,Kansas,587
20063,Gove,Kansas,49
20065,Graham,Kansas,44
20067,Grant,Kansas,97
20069,Gray,Kansas,78
20071,Greeley,Kansas,12
20073,Greenwood,Kansas,89
20075,Hamilton,Kansas,35
20077,Harper,Kansas,86
20079,Harvey,Kansas,435
20081,Haskell,Kansas,57
20083,Hodgeman,Kansas,24
20085,Jackson,Kansas,177
20087,Jefferson,Kansas,233
20089,Jewell,Kansas,47
20091,Johnson,Kansas,7962
20093,Kearny,Kansas,54
20095,Kingman,Kansas,105
20097,Kiowa,Kansas,42
20099,Labette,Kansas,303
20101,Lane,Kansas,29
20103,Leavenworth,Kansas,910
20105,Lincoln,Kansas,47
20107,Linn,Kansas,128
20109,Logan,Kansas,45
20111,Lyon,Kansas,427
20113,Mcpherson,Kansas,376
20115,Marion,Kansas,154
20117,Marshall,Kansas,144
20119,Meade,Kansas,57
20121,Miami,Kansas,420
20123,Mitchell,Kansas,94
20125,Montgomery,Kansas,446
20127,Morris,Kansas,82
20129,Morton,Kansas,47
20131,Nemaha,Kansas,137
20133,Neosho,Kansas,216
20135,Ness,Kansas,46
20137,Norton,Kansas,69
20139,Osage,Kansas,208
20141,Osborne,Kansas,60
20143,Ottawa,Kansas,79
20145,Pawnee,Kansas,86
20147,Phillips,Kansas,78
20149,Pottawatomie,Kansas,281
20151,Pratt,Kansas,129
20153,Rawlins,Kansas,44
20155,Reno,Kansas,827
20157,Republic,Kansas,73
20159,Rice,Kansas,124
20161,Riley,Kansas,755
20163,Rooks,Kansas,75
20165,Rush,Kansas,46
20167,Russell,Kansas,103
20169,Saline,Kansas,780
20171,Scott,Kansas,69
20173,Sedgwick,Kansas,6901
20175,Seward,Kansas,322
20177,Shawnee,Kansas,2425
20179,Sheridan,Kansas,48
20181,Sherman,Kansas,88
20183,Smith,Kansas,59
20185,Stafford,Kansas,59
20187,Stanton,Kansas,27
20189,Stevens,Kansas,66
20191,Sumner,Kansas,307
20193,Thomas,Kansas,113
20195,Trego,Kansas,49
20197,Wabaunsee,Kansas,92
20199,Wallace,Kansas,21
20201,Washington,Kansas,84
20203,Wichita,Kansas,32
20205,Wilson,Kansas,130
20207,Woodson,Kansas,51
20209,Wyandotte,Kansas,2209
21001,Adair,Kentucky,245
21003,Allen,Kentucky,251
21005,Anderson,Kentucky,300
21007,Ballard,Kentucky,106
21009,Barren,Kentucky,585
21011,Bath,Kentucky,156
21013,Bell,Kentucky,333
21015,Boone,Kentucky,1622
21017,Bourbon,Kentucky,286
21019,Boyd,Kentucky,602
21021,Boyle,Kentucky,374
21023,Bracken,Kentucky,115
21025,Breathitt,Kentucky,158
21027,Breckinridge,Kentucky,250
21029,Bullitt,Kentucky,1013
21031,Butler,Kentucky,162
21033,Caldwell,Kentucky,174
21035,Calloway,Kentucky,445
21037,Campbell,Kentucky,1188
21039,Carlisle,Kentucky,66
21041,Carroll,Kentucky,149
21043,Carter,Kentucky,337
21045,Casey,Kentucky,209
21047,Christian,Kentucky,1009
21049,Clark,Kentucky,483
21051,Clay,Kentucky,254
21053,Clinton,Kentucky,135
21055,Crittenden,Kentucky,114
21057,Cumberland,Kentucky,92
21059,Daviess,Kentucky,1319
21061,Edmonson,Kentucky,150
21063,Elliott,Kentucky,74
21065,Estill,Kentucky,183
21067,Fayette,Kentucky,4164
21069,Fleming,Kentucky,195
21071,Floyd,Kentucky,454
21073,Franklin,Kentucky,716
21075,Fulton,Kentucky,86
21077,Gallatin,Kentucky,108
21079,Garrard,Kentucky,217
21081,Grant,Kentucky,330
21083,Graves,Kentucky,480
21085,Grayson,Kentucky,341
21087,Green,Kentucky,148
21089,Greenup,Kentucky,451
21091,Hancock,Kentucky,103
21093,Hardin,Kentucky,1415
21095,Harlan,Kentucky,336
21097,Harrison,Kentucky,240
21099,Hart,Kentucky,246
21101,Henderson,Kentucky,608
21103,Henry,Kentucky,216
21105,Hickman,Kentucky,63
21107,Hopkins,Kentucky,585
21109,Jackson,Kentucky,150
21111,Jefferson,Kentucky,11224
21113,Jessamine,Kentucky,688
21115,Johnson,Kentucky,272
21117,Kenton,Kentucky,2242
21119,Knott,Kentucky,171
21121,Knox,Kentucky,416
21123,Larue,Kentucky,193
21125,Laurel,Kentucky,794
21127,Lawrence,Kentucky,182
21129,Lee,Kentucky,78
21131,Leslie,Kentucky,119
21133,Letcher,Kentucky,266
21135,Lewis,Kentucky,165
21137,Lincoln,Kentucky,311
21139,Livingston,Kentucky,123
21141,Logan,Kentucky,351
21143,Lyon,Kentucky,96
21145,Mccracken,Kentucky,930
21147,Mccreary,Kentucky,188
21149,Mclean,Kentucky,121
21151,Madison,Kentucky,1045
21153,Magoffin,Kentucky,137
21155,Marion,Kentucky,254
21157,Marshall,Kentucky,404
21159,Martin,Kentucky,109
21161,Mason,Kentucky,236
21163,Meade,Kentucky,369
21165,Menifee,Kentucky,79
21167,Mercer,Kentucky,288
21169,Metcalfe,Kentucky,138
21171,Monroe,Kentucky,146
21173,Montgomery,Kentucky,362
21175,Morgan,Kentucky,136
21177,Muhlenberg,Kentucky,375
21179,Nelson,Kentucky,632
21181,Nicholas,Kentucky,98
21183,Ohio,Kentucky,297
21185,Oldham,Kentucky,799
21187,Owen,Kentucky,135
21189,Owsley,Kentucky,50
21191,Pendleton,Kentucky,186
21193,Perry,Kentucky,359
21195,Pike,Kentucky,679
21197,Powell,Kentucky,172
21199,Pulaski,Kentucky,842
21201,Robertson,Kentucky,25
21203,Rockcastle,Kentucky,202
21205,Rowan,Kentucky,268
21207,Russell,Kentucky,232
21209,Scott,Kentucky,650
21211,Shelby,Kentucky,597
21213,Simpson,Kentucky,249
21215,Spencer,Kentucky,220
21217,Taylor,Kentucky,333
21219,Todd,Kentucky,158
21221,Trigg,Kentucky,186
21223,Trimble,Kentucky,111
21225,Union,Kentucky,178
21227,Warren,Kentucky,1588
21229,Washington,Kentucky,163
21231,Wayne,Kentucky,259
21233,Webster,Kentucky,162
21235,Whitley,Kentucky,480
21237,Wolfe,Kentucky,88
21239,Woodford,Kentucky,362
22001,Acadia,Louisiana,836
22003,Allen,Louisiana,287
22005,Ascension,Louisiana,1532
22007,Assumption,Louisiana,316
22009,Avoyelles,Louisiana,569
22011,Beauregard,Louisiana,428
22013,Bienville,Louisiana,209
22015,Bossier,Louisiana,1666
22017,Caddo,Louisiana,4023
22019,Calcasieu,Louisiana,2781
22021,Caldwell,Louisiana,132
22023,Cameron,Louisiana,91
22025,Catahoula,Louisiana,139
22027,Claiborne,Louisiana,194
22029,Concordia,Louisiana,292
22031,De Soto,Louisiana,404
22033,East Baton Rouge,Louisiana,6841
22035,East Carroll,Louisiana,122
22037,East Feliciana,Louisiana,280
22039,Evangeline,Louisiana,439
22041,Franklin,Louisiana,308
22043,Grant,Louisiana,254
22045,Iberia,Louisiana,1120
22047,Iberville,Louisiana,475
22049,Jackson,Louisiana,202
22051,Jefferson,Louisiana,6699
22053,Jefferson Davis,Louisiana,430
22055,Lafayette,Louisiana,3454
22057,Lafourche,Louisiana,1273
22059,La Salle,Louisiana,170
22061,Lincoln,Louisiana,606
22063,Livingston,Louisiana,1677
22065,Madison,Louisiana,178
22067,Morehouse,Louisiana,426
22069,Natchitoches,Louisiana,531
22071,Orleans,Louisiana,5944
22073,Ouachita,Louisiana,2398
22075,Plaquemines,Louisiana,341
22077,Pointe Coupee,Louisiana,328
22079,Rapides,Louisiana,1927
22081,Red River,Louisiana,128
22083,Richland,Louisiana,315
22085,Sabine,Louisiana,301
22087,St. Bernard,Louisiana,604
22089,St. Charles,Louisiana,740
22091,St. Helena,Louisiana,209
22093,St. James,Louisiana,329
22095,St. John the Baptist,Louisiana,677
22097,St. Landry,Louisiana,1279
22099,St. Martin,Louisiana,790
22101,St. Mary,Louisiana,808
22103,St. Tammany,Louisiana,3515
22105,Tangipahoa,Louisiana,1755
22107,Tensas,Louisiana,79
22109,Terrebonne,Louisiana,1570
22111,Union,Louisiana,311
22113,Vermilion,Louisiana,805
22115,Vernon,Louisiana,659
22117,Washington,Louisiana,609
22119,Webster,Louisiana,571
22121,West Baton Rouge,Louisiana,369
22123,West Carroll,Louisiana,158
22125,West Feliciana,Louisiana,150
22127,Winn,Louisiana,171
23001,Androscoggin,Maine,1417
23003,Aroostook,Maine,893
23005,Cumberland,Maine,4157
23007,Franklin,Maine,387
23009,Hancock,Maine,790
23011,Kennebec,Maine,1626
23013,Knox,Maine,593
23015,Lincoln,Maine,521
23017,Oxford,Maine,764
23019,Penobscot,Maine,1918
23021,Piscataquis,Maine,223
23023,Sagadahoc,Maine,503
23025,Somerset,Maine,667
23027,Waldo,Maine,544
23029,Washington,Maine,442
23031,York,Maine,2803
24001,Allegany,Maryland,837
24003,Anne Arundel,Maryland,7906
24005,Baltimore,Maryland,11861
24009,Calvert,Maryland,1232
24011,Caroline,Maryland,454
24013,Carroll,Maryland,2214
24015,Cecil,Maryland,1286
24017,Charles,Maryland,2119
24019,Dorchester,Maryland,488
24021,Frederick,Maryland,3294
24023,Garrett,Maryland,390
24025,Harford,Maryland,3347
24027,Howard,Maryland,4550
24029,Kent,Maryland,274
24031,Montgomery,Maryland,16220
24033,Prince George's,Maryland,13424
24035,Queen Anne's,Maryland,678
24037,St. Mary's,Maryland,1409
24039,Somerset,Maryland,292
24041,Talbot,Maryland,583
24043,Washington,Maryland,1947
24045,Wicomico,Maryland,1399
24047,Worcester,Maryland,803
24510,Baltimore,Maryland,8972
25001,Barnstable,Massachusetts,3476
25003,Berkshire,Massachusetts,1835
25005,Bristol,Massachusetts,7425
25007,Dukes,Massachusetts,322
25009,Essex,Massachusetts,11447
25011,Franklin,Massachusetts,978
25013,Hampden,Massachusetts,6413
25015,Hampshire,Massachusetts,1924
25017,Middlesex,Massachusetts,22823
25019,Nantucket,Massachusetts,218
25021,Norfolk,Massachusetts,10231
25023,Plymouth,Massachusetts,7170
25025,Suffolk,Massachusetts,10998
25027,Worcester,Massachusetts,11038
26001,Alcona,Michigan,144
26003,Alger,Michigan,118
26005,Allegan,Michigan,1522
26007,Alpena,Michigan,408
26009,Antrim,Michigan,342
26011,Arenac,Michigan,215
26013,Baraga,Michigan,101
26015,Barry,Michigan,755
26017,Bay,Michigan,1489
26019,Benzie,Michigan,265
26021,Berrien,Michigan,2263
26023,Branch,Michigan,566
26025,Calhoun,Michigan,1858
26027,Cass,Michigan,695
26029,Charlevoix,Michigan,401
26031,Cheboygan,Michigan,379
26033,Chippewa,Michigan,462
26035,Clare,Michigan,397
26037,Clinton,Michigan,960
26039,Crawford,Michigan,181
26041,Delta,Michigan,501
26043,Dickinson,Michigan,368
26045,Eaton,Michigan,1452
26047,Emmet,Michigan,523
26049,Genesee,Michigan,5909
26051,Gladwin,Michigan,326
26053,Gogebic,Michigan,194
26055,Grand Traverse,Michigan,1357
26057,Gratiot,Michigan,499
26059,Hillsdale,Michigan,585
26061,Houghton,Michigan,406
26063,Huron,Michigan,473
26065,Ingham,Michigan,3640
26067,Ionia,Michigan,762
26069,Iosco,Michigan,357
26071,Iron,Michigan,160
26073,Isabella,Michigan,751
26075,Jackson,Michigan,2086
26077,Kalamazoo,Michigan,3443
26079,Kalkaska,Michigan,245
26081,Kent,Michigan,8656
26083,Keweenaw,Michigan,31
26085,Lake,Michigan,141
26087,Lapeer,Michigan,1180
26089,Leelanau,Michigan,349
26091,Lenawee,Michigan,1296
26093,Livingston,Michigan,2499
26095,Luce,Michigan,73
26097,Mackinac,Michigan,171
26099,Macomb,Michigan,12217
26101,Manistee,Michigan,329
26103,Marquette,Michigan,832
26105,Mason,Michigan,421
26107,Mecosta,Michigan,498
26109,Menominee,Michigan,314
26111,Midland,Michigan,1163
26113,Missaukee,Michigan,200
26115,Monroe,Michigan,1958
26117,Montcalm,Michigan,801
26119,Montmorency,Michigan,127
26121,Muskegon,Michigan,2369
26123,Newaygo,Michigan,621
26125,Oakland,Michigan,18507
26127,Oceana,Michigan,364
26129,Ogemaw,Michigan,292
26131,Ontonagon,Michigan,78
26133,Osceola,Michigan,301
26135,Oscoda,Michigan,109
26137,Otsego,Michigan,353
26139,Ottawa,Michigan,3454
26141,Presque Isle,Michigan,185
26143,Roscommon,Michigan,333
26145,Saginaw,Michigan,2709
26147,St. Clair,Michigan,2222
26149,St. Joseph,Michigan,830
26151,Sanilac,Michigan,564
26153,Schoolcraft,Michigan,110
26155,Shiawassee,Michigan,942
26157,Tuscola,Michigan,726
26159,Van Buren,Michigan,1043
26161,Washtenaw,Michigan,4731
26163,Wayne,Michigan,26107
26165,Wexford,Michigan,463
27001,Aitkin,Minnesota,207
27003,Anoka,Minnesota,4529
27005,Becker,Minnesota,444
27007,Beltrami,Minnesota,608
27009,Benton,Minnesota,527
27011,Big Stone,Minnesota,69
27013,Blue Earth,Minnesota,816
27015,Brown,Minnesota,345
27017,Carlton,Minnesota,434
27019,Carver,Minnesota,1325
27021,Cass,Minnesota,432
27023,Chippewa,Minnesota,170
27025,Chisago,Minnesota,687
27027,Clay,Minnesota,741
27029,Clearwater,Minnesota,113
27031,Cook,Minnesota,81
27033,Cottonwood,Minnesota,157
27035,Crow Wing,Minnesota,885
27037,Dakota,Minnesota,5687
27039,Dodge,Minnesota,257
27041,Douglas,Minnesota,505
27043,Faribault,Minnesota,199
27045,Fillmore,Minnesota,277
27047,Freeborn,Minnesota,429
27049,Goodhue,Minnesota,626
27051,Grant,Minnesota,85
27053,Hennepin,Minnesota,17986
27055,Houston,Minnesota,257
27057,Hubbard,Minnesota,279
27059,Isanti,Minnesota,496
27061,Itasca,Minnesota,583
27063,Jackson,Minnesota,141
27065,Kanabec,Minnesota,207
27067,Kandiyohi,Minnesota,607
27069,Kittson,Minnesota,59
27071,Koochiching,Minnesota,170
27073,Lac Qui Parle,Minnesota,100
27075,Lake,Minnesota,141
27077,Lake of the Woods,Minnesota,60
27079,Le Sueur,Minnesota,362
27081,Lincoln,Minnesota,77
27083,Lyon,Minnesota,336
27085,Mcleod,Minnesota,481
27087,Mahnomen,Minnesota,77
27089,Marshall,Minnesota,129
27091,Martin,Minnesota,298
27093,Meeker,Minnesota,296
27095,Mille Lacs,Minnesota,339
27097,Morrison,Minnesota,450
27099,Mower,Minnesota,530
27101,Murray,Minnesota,111
27103,Nicollet,Minnesota,418
27105,Nobles,Minnesota,296
27107,Norman,Minnesota,91
27109,Olmsted,Minnesota,2072
27111,Otter Tail,Minnesota,783
27113,Pennington,Minnesota,189
27115,Pine,Minnesota,360
27117,Pipestone,Minnesota,124
27119,Polk,Minnesota,407
27121,Pope,Minnesota,149
27123,Ramsey,Minnesota,7550
27125,Red Lake,Minnesota,52
27127,Redwood,Minnesota,215
27129,Renville,Minnesota,217
27131,Rice,Minnesota,782
27133,Rock,Minnesota,124
27135,Roseau,Minnesota,219
27137,St. Louis,Minnesota,2546
27139,Scott,Minnesota,1831
27141,Sherburne,Minnesota,1113
27143,Sibley,Minnesota,196
27145,Stearns,Minnesota,1960
27147,Steele,Minnesota,497
27149,Stevens,Minnesota,114
27151,Swift,Minnesota,133
27153,Todd,Minnesota,316
27155,Traverse,Minnesota,52
27157,Wabasha,Minnesota,291
27159,Wadena,Minnesota,182
27161,Waseca,Minnesota,246
27163,Washington,Minnesota,3429
27165,Watonwan,Minnesota,153
27167,Wilkin,Minnesota,92
27169,Winona,Minnesota,604
27171,Wright,Minnesota,1599
27173,Yellow Medicine,Minnesota,137
28001,Adams,Mississippi,480
28003,Alcorn,Mississippi,469
28005,Amite,Mississippi,176
28007,Attala,Mississippi,276
28009,Benton,Mississippi,120
28011,Bolivar,Mississippi,559
28013,Calhoun,Mississippi,209
28015,Carroll,Mississippi,152
28017,Chickasaw,Mississippi,286
28019,Choctaw,Mississippi,119
28021,Claiborne,Mississippi,160
28023,Clarke,Mississippi,235
28025,Clay,Mississippi,331
28027,Coahoma,Mississippi,447
28029,Copiah,Mississippi,435
28031,Covington,Mississippi,302
28033,Desoto,Mississippi,2382
28035,Forrest,Mississippi,1126
28037,Franklin,Mississippi,113
28039,George,Mississippi,284
28041,Greene,Mississippi,146
28043,Grenada,Mississippi,351
28045,Hancock,Mississippi,611
28047,Harrison,Mississippi,2965
28049,Hinds,Mississippi,4137
28051,Holmes,Mississippi,335
28053,Humphreys,Mississippi,164
28055,Issaquena,Mississippi,14
28057,Itawamba,Mississippi,301
28059,Jackson,Mississippi,1993
28061,Jasper,Mississippi,265
28063,Jefferson,Mississippi,142
28065,Jefferson Davis,Mississippi,201
28067,Jones,Mississippi,952
28069,Kemper,Mississippi,144
28071,Lafayette,Mississippi,613
28073,Lamar,Mississippi,788
28075,Lauderdale,Mississippi,1129
28077,Lawrence,Mississippi,176
28079,Leake,Mississippi,313
28081,Lee,Mississippi,1253
28083,Leflore,Mississippi,534
28085,Lincoln,Mississippi,471
28087,Lowndes,Mississippi,893
28089,Madison,Mississippi,1601
28091,Marion,Mississippi,376
28093,Marshall,Mississippi,562
28095,Monroe,Mississippi,518
28097,Montgomery,Mississippi,160
28099,Neshoba,Mississippi,426
28101,Newton,Mississippi,314
28103,Noxubee,Mississippi,214
28105,Oktibbeha,Mississippi,604
28107,Panola,Mississippi,564
28109,Pearl River,Mississippi,710
28111,Perry,Mississippi,170
28113,Pike,Mississippi,635
28115,Pontotoc,Mississippi,429
28117,Prentiss,Mississippi,336
28119,Quitman,Mississippi,126
28121,Rankin,Mississippi,1955
28123,Scott,Mississippi,439
28125,Sharkey,Mississippi,85
28127,Simpson,Mississippi,383
28129,Smith,Mississippi,212
28131,Stone,Mississippi,232
28133,Sunflower,Mississippi,433
28135,Tallahatchie,Mississippi,223
28137,Tate,Mississippi,407
28139,Tippah,Mississippi,300
28141,Tishomingo,Mississippi,238
28143,Tunica,Mississippi,223
28145,Union,Mississippi,380
28147,Walthall,Mississippi,214
28149,Warren,Mississippi,778
28151,Washington,Mississippi,859
28153,Wayne,Mississippi,314
28155,Webster,Mississippi,139
28157,Wilkinson,Mississippi,142
28159,Winston,Mississippi,279
28161,Yalobusha,Mississippi,194
28163,Yazoo,Mississippi,385
29001,Adair,Missouri,290
29003,Andrew,Missouri,232
29005,Atchison,Missouri,75
29007,Audrain,Missouri,320
29009,Barry,Missouri,467
29011,Barton,Missouri,166
29013,Bates,Missouri,220
29015,Benton,Missouri,245
29017,Bollinger,Missouri,152
29019,Boone,Missouri,2202
29021,Buchanan,Missouri,1188
29023,Butler,Missouri,602
29025,Caldwell,Missouri,118
29027,Callaway,Missouri,562
29029,Camden,Missouri,628
29031,Cape Girardeau,Missouri,1044
29033,Carroll,Missouri,129
29035,Carter,Missouri,88
29037,Cass,Missouri,1303
29039,Cedar,Missouri,184
29041,Chariton,Missouri,106
29043,Christian,Missouri,1075
29045,Clark,Missouri,92
29047,Clay,Missouri,3076
29049,Clinton,Missouri,267
29051,Cole,Missouri,1034
29053,Cooper,Missouri,225
29055,Crawford,Missouri,332
29057,Dade,Missouri,107
29059,Dallas,Missouri,219
29061,Daviess,Missouri,112
29063,Dekalb,Missouri,122
29065,Dent,Missouri,200
29067,Douglas,Missouri,174
29069,Dunklin,Missouri,411
29071,Franklin,Missouri,1393
29073,Gasconade,Missouri,208
29075,Gentry,Missouri,91
29077,Greene,Missouri,3874
29079,Grundy,Missouri,130
29081,Harrison,Missouri,127
29083,Henry,Missouri,290
29085,Hickory,Missouri,116
29087,Holt,Missouri,66
29089,Howard,Missouri,135
29091,Howell,Missouri,553
29093,Iron,Missouri,124
29095,Jackson,Missouri,9701
29097,Jasper,Missouri,1592
29099,Jefferson,Missouri,2886
29101,Johnson,Missouri,625
29103,Knox,Missouri,60
29105,Laclede,Missouri,488
29107,Lafayette,Missouri,428
29109,Lawrence,Missouri,505
29111,Lewis,Missouri,130
29113,Lincoln,Missouri,694
29115,Linn,Missouri,176
29117,Livingston,Missouri,192
29119,Mcdonald,Missouri,312
29121,Macon,Missouri,215
29123,Madison,Missouri,165
29125,Maries,Missouri,115
29127,Marion,Missouri,390
29129,Mercer,Missouri,50
29131,Miller,Missouri,331
29133,Mississippi,Missouri,180
29135,Moniteau,Missouri,200
29137,Monroe,Missouri,119
29139,Montgomery,Missouri,168
29141,Morgan,Missouri,272
29143,New Madrid,Missouri,246
29145,Newton,Missouri,791
29147,Nodaway,Missouri,246
29149,Oregon,Missouri,140
29151,Osage,Missouri,168
29153,Ozark,Missouri,118
29155,Pemiscot,Missouri,254
29157,Perry,Missouri,249
29159,Pettis,Missouri,568
29161,Phelps,Missouri,543
29163,Pike,Missouri,229
29165,Platte,Missouri,1291
29167,Polk,Missouri,383
29169,Pulaski,Missouri,581
29171,Putnam,Missouri,69
29173,Ralls,Missouri,136
29175,Randolph,Missouri,326
29177,Ray,Missouri,294
29179,Reynolds,Missouri,85
29181,Ripley,Missouri,189
29183,St. Charles,Missouri,4957
29185,St. Clair,Missouri,120
29186,Ste. Genevieve,Missouri,229
29187,St. Francois,Missouri,800
29189,St. Louis,Missouri,15359
29195,Saline,Missouri,307
29197,Schuyler,Missouri,55
29199,Scotland,Missouri,67
29201,Scott,Missouri,558
29203,Shannon,Missouri,114
29205,Shelby,Missouri,92
29207,Stoddard,Missouri,398
29209,Stone,Missouri,435
29211,Sullivan,Missouri,92
29213,Taney,Missouri,792
29215,Texas,Missouri,324
29217,Vernon,Missouri,272
29219,Warren,Missouri,431
29221,Washington,Missouri,304
29223,Wayne,Missouri,159
29225,Webster,Missouri,467
29227,Worth,Missouri,31
29229,Wright,Missouri,245
29510,St. Louis,Missouri,4863
30001,Beaverhead,Montana,136
30003,Big Horn,Montana,180
30005,Blaine,Montana,99
30007,Broadwater,Montana,78
30009,Carbon,Montana,147
30011,Carter,Montana,8
30013,Cascade,Montana,1151
30015,Chouteau,Montana,74
30017,Custer,Montana,165
30019,Daniels,Montana,28
30021,Dawson,Montana,125
30023,Deer Lodge,Montana,121
30025,Fallon,Montana,47
30027,Fergus,Montana,167
30029,Flathead,Montana,1439
30031,Gallatin,Montana,1429
30033,Garfield,Montana,14
30035,Glacier,Montana,199
30037,Golden Valley,Montana,9
30039,Granite,Montana,48
30041,Hill,Montana,233
30043,Jefferson,Montana,153
30045,Judith Basin,Montana,34
30047,Lake,Montana,414
30049,Lewis and Clark,Montana,910
30051,Liberty,Montana,27
30053,Lincoln,Montana,249
30055,Mccone,Montana,32
30057,Madison,Montana,120
30059,Meagher,Montana,28
30061,Mineral,Montana,64
30063,Missoula,Montana,1625
30065,Musselshell,Montana,61
30067,Park,Montana,258
30069,Petroleum,Montana,4
30071,Phillips,Montana,64
30073,Pondera,Montana,85
30075,Powder River,Montana,23
30077,Powell,Montana,80
30079,Prairie,Montana,9
30081,Ravalli,Montana,598
30083,Richland,Montana,173
30085,Roosevelt,Montana,151
30087,Rosebud,Montana,127
30089,Sanders,Montana,159
30091,Sheridan,Montana,59
30093,Silver Bow,Montana,476
30095,Stillwater,Montana,123
30097,Sweet Grass,Montana,51
30099,Teton,Montana,84
30101,Toole,Montana,61
30103,Treasure,Montana,4
30105,Valley,Montana,114
30107,Wheatland,Montana,29
30109,Wibaux,Montana,4
30111,Yellowstone,Montana,2178
31001,Adams,Nebraska,415
31003,Antelope,Nebraska,94
31005,Arthur,Nebraska,6
31007,Banner,Nebraska,2
31009,Blaine,Nebraska,5
31011,Boone,Nebraska,76
31013,Box Butte,Nebraska,151
31015,Boyd,Nebraska,30
31017,Brown,Nebraska,48
31019,Buffalo,Nebraska,616
31021,Burt,Nebraska,93
31023,Butler,Nebraska,109
31025,Cass,Nebraska,336
31027,Cedar,Nebraska,116
31029,Chase,Nebraska,54
31031,Cherry,Nebraska,91
31033,Cheyenne,Nebraska,144
31035,Clay,Nebraska,86
31037,Colfax,Nebraska,149
31039,Cuming,Nebraska,120
31041,Custer,Nebraska,161
31043,Dakota,Nebraska,306
31045,Dawes,Nebraska,112
31047,Dawson,Nebraska,359
31049,Deuel,Nebraska,27
31051,Dixon,Nebraska,76
31053,Dodge,Nebraska,491
31055,Douglas,Nebraska,7558
31057,Dundy,Nebraska,30
31059,Fillmore,Nebraska,83
31061,Franklin,Nebraska,46
31063,Frontier,Nebraska,40
31065,Furnas,Nebraska,69
31067,Gage,Nebraska,294
31069,Garden,Nebraska,32
31071,Garfield,Nebraska,26
31073,Gosper,Nebraska,33
31075,Grant,Nebraska,2
31077,Greeley,Nebraska,42
31079,Hall,Nebraska,874
31081,Hamilton,Nebraska,128
31083,Harlan,Nebraska,50
31085,Hayes,Nebraska,10
31087,Hitchcock,Nebraska,46
31089,Holt,Nebraska,161
31091,Hooker,Nebraska,4
31093,Howard,Nebraska,92
31095,Jefferson,Nebraska,104
31097,Johnson,Nebraska,61
31099,Kearney,Nebraska,91
31101,Keith,Nebraska,126
31103,Keya Paha,Nebraska,7
31105,Kimball,Nebraska,52
31107,Knox,Nebraska,121
31109,Lancaster,Nebraska,3831
31111,Lincoln,Nebraska,483
31113,Logan,Nebraska,3
31115,Loup,Nebraska,6
31117,Mcpherson,Nebraska,3
31119,Madison,Nebraska,482
31121,Merrick,Nebraska,108
31123,Morrill,Nebraska,71
31125,Nance,Nebraska,52
31127,Nemaha,Nebraska,91
31129,Nuckolls,Nebraska,67
31131,Otoe,Nebraska,208
31133,Pawnee,Nebraska,40
31135,Perkins,Nebraska,47
31137,Phelps,Nebraska,130
31139,Pierce,Nebraska,99
31141,Platte,Nebraska,447
31143,Polk,Nebraska,75
31145,Red Willow,Nebraska,150
31147,Richardson,Nebraska,116
31149,Rock,Nebraska,13
31151,Saline,Nebraska,178
31153,Sarpy,Nebraska,2172
31155,Saunders,Nebraska,269
31157,Scotts Bluff,Nebraska,504
31159,Seward,Nebraska,198
31161,Sheridan,Nebraska,75
31163,Sherman,Nebraska,46
31165,Sioux,Nebraska,11
31167,Stanton,Nebraska,79
31169,Thayer,Nebraska,70
31171,Thomas,Nebraska,4
31173,Thurston,Nebraska,99
31175,Valley,Nebraska,65
31177,Washington,Nebraska,261
31179,Wayne,Nebraska,102
31181,Webster,Nebraska,50
31183,Wheeler,Nebraska,7
31185,York,Nebraska,194
32001,Churchill,Nevada,320
32003,Clark,Nevada,29471
32005,Douglas,Nevada,765
32007,Elko,Nevada,646
32009,Esmeralda,Nevada,4
32011,Eureka,Nevada,21
32013,Humboldt,Nevada,237
32015,Lander,Nevada,75
32017,Lincoln,Nevada,54
32019,Lyon,Nevada,703
32021,Mineral,Nevada,59
32023,Nye,Nevada,537
32027,Pershing,Nevada,59
32029,Storey,Nevada,48
32031,Washoe,Nevada,6362
32033,White Pine,Nevada,118
32510,Carson City,Nevada,787
33001,Belknap,New Hampshire,930
33003,Carroll,New Hampshire,749
33005,Cheshire,New Hampshire,1023
33007,Coos,New Hampshire,444
33009,Grafton,New Hampshire,1265
33011,Hillsborough,New Hampshire,5788
33013,Merrimack,New Hampshire,2022
33015,Rockingham,New Hampshire,4464
33017,Strafford,New Hampshire,1639
33019,Sullivan,New Hampshire,593
34001,Atlantic,New Jersey,4116
34003,Bergen,New Jersey,14115
34005,Burlington,New Jersey,6210
34007,Camden,New Jersey,7252
34009,Cape may,New Jersey,1433
34011,Cumberland,New Jersey,2035
34013,Essex,New Jersey,12348
34015,Gloucester,New Jersey,3760
34017,Hudson,New Jersey,10210
34019,Hunterdon,New Jersey,1974
34021,Mercer,New Jersey,5322
34023,Middlesex,New Jersey,11440
34025,Monmouth,New Jersey,9517
34027,Morris,New Jersey,7675
34029,Ocean,New Jersey,7606
34031,Passaic,New Jersey,7716
34033,Salem,New Jersey,866
34035,Somerset,New Jersey,5218
34037,Sussex,New Jersey,1966
34039,Union,New Jersey,8343
34041,Warren,New Jersey,1435
35001,Bernalillo,New Mexico,9457
35003,Catron,New Mexico,48
35005,Chaves,New Mexico,882
35006,Cibola,New Mexico,326
35007,Colfax,New Mexico,180
35009,Curry,New Mexico,683
35011,De Baca,New Mexico,28
35013,Dona Ana,New Mexico,3113
35015,Eddy,New Mexico,749
35017,Grant,New Mexico,403
35019,Guadalupe,New Mexico,66
35021,Harding,New Mexico,7
35023,Hidalgo,New Mexico,65
35025,Lea,New Mexico,879
35027,Lincoln,New Mexico,311
35028,Los Alamos,New Mexico,258
35029,Luna,New Mexico,407
35031,Mckinley,New Mexico,1300
35033,Mora,New Mexico,70
35035,Otero,New Mexico,870
35037,Quay,New Mexico,130
35039,Rio Arriba,New Mexico,538
35041,Roosevelt,New Mexico,259
35043,Sandoval,New Mexico,1875
35045,San Juan,New Mexico,1714
35047,San Miguel,New Mexico,395
35049,Santa Fe,New Mexico,2339
35051,Sierra,New Mexico,169
35053,Socorro,New Mexico,242
35055,Taos,New Mexico,539
35057,Torrance,New Mexico,199
35059,Union,New Mexico,62
35061,Valencia,New Mexico,971
36001,Albany,New York,4218
36003,Allegany,New York,545
36005,Bronx,New York,23188
36007,Broome,New York,2571
36009,Cattaraugus,New York,1010
36011,Cayuga,New York,1001
36013,Chautauqua,New York,1695
36015,Chemung,New York,1159
36017,Chenango,New York,662
36019,Clinton,New York,1008
36021,Columbia,New York,875
36023,Cortland,New York,592
36025,Delaware,New York,588
36027,Dutchess,New York,3896
36029,Erie,New York,12471
36031,Essex,New York,499
36033,Franklin,New York,597
36035,Fulton,New York,739
36037,Genesee,New York,757
36039,Greene,New York,625
36041,Hamilton,New York,76
36043,Herkimer,New York,805
36045,Jefferson,New York,1563
36047,Kings,New York,40569
36049,Lewis,New York,339
36051,Livingston,New York,761
36053,Madison,New York,891
36055,Monroe,New York,10387
36057,Montgomery,New York,683
36059,Nassau,New York,21690
36061,New York,New York,31509
36063,Niagara,New York,2866
36065,Oneida,New York,3033
36067,Onondaga,New York,6405
36069,Ontario,New York,1500
36071,Orange,New York,5115
36073,Orleans,New York,519
36075,Oswego,New York,1539
36077,Otsego,New York,765
36079,Putnam,New York,1394
36081,Queens,New York,35946
36083,Rensselaer,New York,2116
36085,Richmond,New York,6401
36087,Rockland,New York,4663
36089,St. Lawrence,New York,1270
36091,Saratoga,New York,3084
36093,Schenectady,New York,2170
36095,Schoharie,New York,392
36097,Schuyler,New York,250
36099,Seneca,New York,435
36101,Steuben,New York,1282
36103,Suffolk,New York,22367
36105,Sullivan,New York,1031
36107,Tioga,New York,665
36109,Tompkins,New York,1165
36111,Ulster,New York,2482
36113,Warren,New York,969
36115,Washington,New York,814
36117,Wayne,New York,1221
36119,Westchester,New York,15905
36121,Wyoming,New York,488
36123,Yates,New York,317
37001,Alamance,North Carolina,2119
37003,Alexander,North Carolina,456
37005,Alleghany,North Carolina,145
37007,Anson,North Carolina,340
37009,Ashe,North Carolina,352
37011,Avery,North Carolina,218
37013,Beaufort,North Carolina,669
37015,Bertie,North Carolina,287
37017,Bladen,North Carolina,439
37019,Brunswick,North Carolina,1620
37021,Buncombe,North Carolina,3678
37023,Burke,North Carolina,1131
37025,Cabarrus,North Carolina,2552
37027,Caldwell,North Carolina,1061
37029,Camden,North Carolina,124
37031,Carteret,North Carolina,966
37033,Caswell,North Carolina,294
37035,Catawba,North Carolina,2171
37037,Chatham,North Carolina,947
37039,Cherokee,North Carolina,355
37041,Chowan,North Carolina,208
37043,Clay,North Carolina,143
37045,Cleveland,North Carolina,1318
37047,Columbus,North Carolina,752
37049,Craven,North Carolina,1408
37051,Cumberland,North Carolina,4723
37053,Currituck,North Carolina,328
37055,Dare,North Carolina,570
37057,Davidson,North Carolina,2188
37059,Davie,North Carolina,562
37061,Duplin,North Carolina,769
37063,Durham,North Carolina,4193
37065,Edgecombe,North Carolina,854
37067,Forsyth,North Carolina,5142
37069,Franklin,North Carolina,789
37071,Gaston,North Carolina,2849
37073,Gates,North Carolina,136
37075,Graham,North Carolina,112
37077,Granville,North Carolina,737
37079,Greene,North Carolina,258
37081,Guilford,North Carolina,7436
37083,Halifax,North Carolina,785
37085,Harnett,North Carolina,1569
37087,Haywood,North Carolina,807
37089,Henderson,North Carolina,1493
37091,Hertford,North Carolina,306
37093,Hoke,North Carolina,673
37095,Hyde,North Carolina,77
37097,Iredell,North Carolina,2353
37099,Jackson,North Carolina,462
37101,Johnston,North Carolina,2301
37103,Jones,North Carolina,139
37105,Lee,North Carolina,820
37107,Lenoir,North Carolina,857
37109,Lincoln,North Carolina,1041
37111,Mcdowell,North Carolina,564
37113,Macon,North Carolina,477
37115,Madison,North Carolina,266
37117,Martin,North Carolina,350
37119,Mecklenburg,North Carolina,15287
37121,Mitchell,North Carolina,189
37123,Montgomery,North Carolina,360
37125,Moore,North Carolina,1287
37127,Nash,North Carolina,1421
37129,New Hanover,North Carolina,3039
37131,Northampton,North Carolina,278
37133,Onslow,North Carolina,2425
37135,Orange,North Carolina,1873
37137,Pamlico,North Carolina,175
37139,Pasquotank,North Carolina,550
37141,Pender,North Carolina,730
37143,Perquimans,North Carolina,179
37145,Person,North Carolina,521
37147,Pitt,North Carolina,2318
37149,Polk,North Carolina,273
37151,Randolph,North Carolina,1887
37153,Richmond,North Carolina,634
37155,Robeson,North Carolina,1847
37157,Rockingham,North Carolina,1220
37159,Rowan,North Carolina,1884
37161,Rutherford,North Carolina,828
37163,Sampson,North Carolina,913
37165,Scotland,North Carolina,495
37167,Stanly,North Carolina,769
37169,Stokes,North Carolina,575
37171,Surry,North Carolina,939
37173,Swain,North Carolina,244
37175,Transylvania,North Carolina,427
37177,Tyrrell,North Carolina,58
37179,Union,North Carolina,2790
37181,Vance,North Carolina,672
37183,Wake,North Carolina,13879
37185,Warren,North Carolina,272
37187,Washington,North Carolina,182
37189,Watauga,North Carolina,567
37191,Wayne,North Carolina,1662
37193,Wilkes,North Carolina,874
37195,Wilson,North Carolina,1180
37197,Yadkin,North Carolina,475
37199,Yancey,North Carolina,225
38001,Adams,North Dakota,40
38003,Barnes,North Dakota,150
38005,Benson,North Dakota,99
38007,Billings,North Dakota,8
38009,Bottineau,North Dakota,98
38011,Bowman,North Dakota,50
38013,Burke,North Dakota,39
38015,Burleigh,North Dakota,1205
38017,Cass,North Dakota,2230
38019,Cavalier,North Dakota,56
38021,Dickey,North Dakota,72
38023,Divide,North Dakota,43
38025,Dunn,North Dakota,67
38027,Eddy,North Dakota,39
38029,Emmons,North Dakota,53
38031,Foster,North Dakota,48
38033,Golden Valley,North Dakota,31
38035,Grand Forks,North Dakota,895
38037,Grant,North Dakota,37
38039,Griggs,North Dakota,38
38041,Hettinger,North Dakota,42
38043,Kidder,North Dakota,43
38045,Lamoure,North Dakota,59
38047,Logan,North Dakota,30
38049,Mchenry,North Dakota,81
38051,Mcintosh,North Dakota,48
38053,Mckenzie,North Dakota,138
38055,Mclean,North Dakota,127
38057,Mercer,North Dakota,113
38059,Morton,North Dakota,409
38061,Mountrail,North Dakota,146
38063,Nelson,North Dakota,48
38065,Oliver,North Dakota,27
38067,Pembina,North Dakota,101
38069,Pierce,North Dakota,59
38071,Ramsey,North Dakota,163
38073,Ransom,North Dakota,75
38075,Renville,North Dakota,38
38077,Richland,North Dakota,214
38079,Rolette,North Dakota,201
38081,Sargent,North Dakota,52
38083,Sheridan,North Dakota,18
38085,Sioux,North Dakota,50
38087,Slope,North Dakota,3
38089,Stark,North Dakota,431
38091,Steele,North Dakota,26
38093,Stutsman,North Dakota,288
38095,Towner,North Dakota,41
38097,Traill,North Dakota,100
38099,Walsh,North Dakota,157
38101,Ward,North Dakota,934
38103,Wells,North Dakota,58
38105,Williams,North Dakota,505
39001,Adams,Ohio,348
39003,Allen,Ohio,1397
39005,Ashland,Ohio,669
39007,Ashtabula,Ohio,1316
39009,Athens,Ohio,647
39011,Auglaize,Ohio,609
39013,Belmont,Ohio,890
39015,Brown,Ohio,568
39017,Butler,Ohio,4887
39019,Carroll,Ohio,361
39021,Champaign,Ohio,510
39023,Clark,Ohio,1858
39025,Clermont,Ohio,2687
39027,Clinton,Ohio,567
39029,Columbiana,Ohio,1368
39031,Coshocton,Ohio,476
39033,Crawford,Ohio,587
39035,Cuyahoga,Ohio,19147
39037,Darke,Ohio,692
39039,Defiance,Ohio,521
39041,Delaware,Ohio,2558
39043,Erie,Ohio,1117
39045,Fairfield,Ohio,1935
39047,Fayette,Ohio,403
39049,Franklin,Ohio,18016
39051,Fulton,Ohio,565
39053,Gallia,Ohio,374
39055,Geauga,Ohio,1306
39057,Greene,Ohio,2083
39059,Guernsey,Ohio,539
39061,Hamilton,Ohio,12141
39063,Hancock,Ohio,1031
39065,Hardin,Ohio,376
39067,Harrison,Ohio,188
39069,Henry,Ohio,378
39071,Highland,Ohio,559
39073,Hocking,Ohio,375
39075,Holmes,Ohio,454
39077,Huron,Ohio,797
39079,Jackson,Ohio,422
39081,Jefferson,Ohio,865
39083,Knox,Ohio,752
39085,Lake,Ohio,3214
39087,Lawrence,Ohio,775
39089,Licking,Ohio,2248
39091,Logan,Ohio,619
39093,Lorain,Ohio,4141
39095,Lucas,Ohio,6148
39097,Madison,Ohio,531
39099,Mahoning,Ohio,3312
39101,Marion,Ohio,836
39103,Medina,Ohio,2364
39105,Meigs,Ohio,276
39107,Mercer,Ohio,539
39109,Miami,Ohio,1409
39111,Monroe,Ohio,189
39113,Montgomery,Ohio,7614
39115,Morgan,Ohio,179
39117,Morrow,Ohio,435
39119,Muskingum,Ohio,1169
39121,Noble,Ohio,152
39123,Ottawa,Ohio,579
39125,Paulding,Ohio,245
39127,Perry,Ohio,446
39129,Pickaway,Ohio,675
39131,Pike,Ohio,349
39133,Portage,Ohio,2055
39135,Preble,Ohio,539
39137,Putnam,Ohio,434
39139,Richland,Ohio,1645
39141,Ross,Ohio,954
39143,Sandusky,Ohio,823
39145,Scioto,Ohio,920
39147,Seneca,Ohio,739
39149,Shelby,Ohio,653
39151,Stark,Ohio,5229
39153,Summit,Ohio,7777
39155,Trumbull,Ohio,2843
39157,Tuscarawas,Ohio,1238
39159,Union,Ohio,651
39161,Van Wert,Ohio,384
39163,Vinton,Ohio,159
39165,Warren,Ohio,2909
39167,Washington,Ohio,822
39169,Wayne,Ohio,1459
39171,Williams,Ohio,514
39173,Wood,Ohio,1614
39175,Wyandot,Ohio,297
40001,Adair,Oklahoma,299
40003,Alfalfa,Oklahoma,69
40005,Atoka,Oklahoma,186
40007,Beaver,Oklahoma,70
40009,Beckham,Oklahoma,297
40011,Blaine,Oklahoma,134
40013,Bryan,Oklahoma,559
40015,Caddo,Oklahoma,367
40017,Canadian,Oklahoma,1596
40019,Carter,Oklahoma,677
40021,Cherokee,Oklahoma,576
40023,Choctaw,Oklahoma,210
40025,Cimarron,Oklahoma,43
40027,Cleveland,Oklahoma,3392
40029,Coal,Oklahoma,69
40031,Comanche,Oklahoma,1556
40033,Cotton,Oklahoma,77
40035,Craig,Oklahoma,189
40037,Creek,Oklahoma,911
40039,Custer,Oklahoma,360
40041,Delaware,Oklahoma,525
40043,Dewey,Oklahoma,70
40045,Ellis,Oklahoma,57
40047,Garfield,Oklahoma,864
40049,Garvin,Oklahoma,365
40051,Grady,Oklahoma,654
40053,Grant,Oklahoma,65
40055,Greer,Oklahoma,69
40057,Harmon,Oklahoma,36
40059,Harper,Oklahoma,46
40061,Haskell,Oklahoma,161
40063,Hughes,Oklahoma,170
40065,Jackson,Oklahoma,344
40067,Jefferson,Oklahoma,83
40069,Johnston,Oklahoma,144
40071,Kay,Oklahoma,612
40073,Kingfisher,Oklahoma,203
40075,Kiowa,Oklahoma,123
40077,Latimer,Oklahoma,148
40079,Le Flore,Oklahoma,602
40081,Lincoln,Oklahoma,428
40083,Logan,Oklahoma,554
40085,Love,Oklahoma,132
40087,Mcclain,Oklahoma,490
40089,Mccurtain,Oklahoma,444
40091,Mcintosh,Oklahoma,267
40093,Major,Oklahoma,103
40095,Marshall,Oklahoma,203
40097,Mayes,Oklahoma,511
40099,Murray,Oklahoma,175
40101,Muskogee,Oklahoma,898
40103,Noble,Oklahoma,146
40105,Nowata,Oklahoma,137
40107,Okfuskee,Oklahoma,140
40109,Oklahoma,Oklahoma,10614
40111,Okmulgee,Oklahoma,507
40113,Osage,Oklahoma,557
40115,Ottawa,Oklahoma,437
40117,Pawnee,Oklahoma,200
40119,Payne,Oklahoma,859
40121,Pittsburg,Oklahoma,579
40123,Pontotoc,Oklahoma,520
40125,Pottawatomie,Oklahoma,910
40127,Pushmataha,Oklahoma,151
40129,Roger Mills,Oklahoma,52
40131,Rogers,Oklahoma,1136
40133,Seminole,Oklahoma,319
40135,Sequoyah,Oklahoma,542
40137,Stephens,Oklahoma,575
40139,Texas,Oklahoma,300
40141,Tillman,Oklahoma,103
40143,Tulsa,Oklahoma,8806
40145,Wagoner,Oklahoma,926
40147,Washington,Oklahoma,717
40149,Washita,Oklahoma,147
40151,Woods,Oklahoma,120
40153,Woodward,Oklahoma,274
41001,Baker,Oregon,214
41003,Benton,Oregon,1045
41005,Clackamas,Oregon,5376
41007,Clatsop,Oregon,517
41009,Columbia,Oregon,603
41011,Coos,Oregon,829
41013,Crook,Oregon,277
41015,Curry,Oregon,327
41017,Deschutes,Oregon,2502
41019,Douglas,Oregon,1384
41021,Gilliam,Oregon,24
41023,Grant,Oregon,95
41025,Harney,Oregon,100
41027,Hood River,Oregon,339
41029,Jackson,Oregon,2985
41031,Jefferson,Oregon,291
41033,Josephine,Oregon,1129
41035,Klamath,Oregon,853
41037,Lake,Oregon,103
41039,Lane,Oregon,4710
41041,Lincoln,Oregon,649
41043,Linn,Oregon,1487
41045,Malheur,Oregon,359
41047,Marion,Oregon,4100
41049,Morrow,Oregon,142
41051,Multnomah,Oregon,11171
41053,Polk,Oregon,945
41055,Sherman,Oregon,29
41057,Tillamook,Oregon,350
41059,Umatilla,Oregon,959
41061,Union,Oregon,326
41063,Wallowa,Oregon,103
41065,Wasco,Oregon,339
41067,Washington,Oregon,7415
41069,Wheeler,Oregon,16
41071,Yamhill,Oregon,1249
42001,Adams,Pennsylvania,1355
42003,Allegheny,Pennsylvania,17523
42005,Armstrong,Pennsylvania,875
42007,Beaver,Pennsylvania,2314
42009,Bedford,Pennsylvania,642
42011,Berks,Pennsylvania,5740
42013,Blair,Pennsylvania,1669
42015,Bradford,Pennsylvania,820
42017,Bucks,Pennsylvania,9231
42019,Butler,Pennsylvania,2504
42021,Cambria,Pennsylvania,1758
42023,Cameron,Pennsylvania,70
42025,Carbon,Pennsylvania,848
42027,Centre,Pennsylvania,1588
42029,Chester,Pennsylvania,7438
42031,Clarion,Pennsylvania,478
42033,Clearfield,Pennsylvania,1035
42035,Clinton,Pennsylvania,468
42037,Columbia,Pennsylvania,819
42039,Crawford,Pennsylvania,1099
42041,Cumberland,Pennsylvania,3248
42043,Dauphin,Pennsylvania,4043
42045,Delaware,Pennsylvania,8215
42047,Elk,Pennsylvania,437
42049,Erie,Pennsylvania,3820
42051,Fayette,Pennsylvania,1764
42053,Forest,Pennsylvania,63
42055,Franklin,Pennsylvania,2030
42057,Fulton,Pennsylvania,195
42059,Greene,Pennsylvania,453
42061,Huntingdon,Pennsylvania,529
42063,Indiana,Pennsylvania,1003
42065,Jefferson,Pennsylvania,593
42067,Juniata,Pennsylvania,297
42069,Lackawanna,Pennsylvania,2939
42071,Lancaster,Pennsylvania,7102
42073,Lawrence,Pennsylvania,1161
42075,Lebanon,Pennsylvania,1871
42077,Lehigh,Pennsylvania,5299
42079,Luzerne,Pennsylvania,4501
42081,Lycoming,Pennsylvania,1563
42083,Mckean,Pennsylvania,544
42085,Mercer,Pennsylvania,1502
42087,Mifflin,Pennsylvania,573
42089,Monroe,Pennsylvania,2200
42091,Montgomery,Pennsylvania,12035
42093,Montour,Pennsylvania,251
42095,Northampton,Pennsylvania,4130
42097,Northumberland,Pennsylvania,1214
42099,Perry,Pennsylvania,599
42101,Philadelphia,Pennsylvania,22347
42103,Pike,Pennsylvania,743
42105,Potter,Pennsylvania,220
42107,Schuylkill,Pennsylvania,1873
42109,Snyder,Pennsylvania,494
42111,Somerset,Pennsylvania,965
42113,Sullivan,Pennsylvania,85
42115,Susquehanna,Pennsylvania,560
42117,Tioga,Pennsylvania,530
42119,Union,Pennsylvania,469
42121,Venango,Pennsylvania,710
42123,Warren,Pennsylvania,540
42125,Washington,Pennsylvania,2828
42127,Wayne,Pennsylvania,699
42129,Westmoreland,Pennsylvania,4853
42131,Wyoming,Pennsylvania,382
42133,York,Pennsylvania,6033
44001,Bristol,Rhode Island,692
44003,Kent,Rhode Island,2338
44005,Newport,Rhode Island,1211
44007,Providence,Rhode Island,9062
44009,Washington,Rhode Island,1766
45001,Abbeville,South Carolina,324
45003,Aiken,South Carolina,2253
45005,Allendale,South Carolina,134
45007,Anderson,South Carolina,2580
45009,Bamberg,South Carolina,200
45011,Barnwell,South Carolina,323
45013,Beaufort,South Carolina,2537
45015,Berkeley,South Carolina,2651
45017,Calhoun,South Carolina,208
45019,Charleston,South Carolina,5742
45021,Cherokee,South Carolina,754
45023,Chester,South Carolina,475
45025,Chesterfield,South Carolina,607
45027,Clarendon,South Carolina,488
45029,Colleton,South Carolina,590
45031,Darlington,South Carolina,981
45033,Dillon,South Carolina,479
45035,Dorchester,South Carolina,2014
45037,Edgefield,South Carolina,339
45039,Fairfield,South Carolina,350
45041,Florence,South Carolina,2045
45043,Georgetown,South Carolina,979
45045,Greenville,South Carolina,6636
45047,Greenwood,South Carolina,978
45049,Hampton,South Carolina,288
45051,Horry,South Carolina,4541
45053,Jasper,South Carolina,367
45055,Kershaw,South Carolina,866
45057,Lancaster,South Carolina,1083
45059,Laurens,South Carolina,901
45061,Lee,South Carolina,265
45063,Lexington,South Carolina,3726
45065,Mccormick,South Carolina,129
45067,Marion,South Carolina,525
45069,Marlboro,South Carolina,408
45071,Newberry,South Carolina,529
45073,Oconee,South Carolina,977
45075,Orangeburg,South Carolina,1352
45077,Pickens,South Carolina,1453
45079,Richland,South Carolina,5688
45081,Saluda,South Carolina,270
45083,Spartanburg,South Carolina,4006
45085,Sumter,South Carolina,1624
45087,Union,South Carolina,375
45089,Williamsburg,South Carolina,504
45091,York,South Carolina,3339
46003,Aurora,South Dakota,43
46005,Beadle,South Dakota,264
46007,Bennett,South Dakota,46
46009,Bon Homme,South Dakota,77
46011,Brookings,South Dakota,366
46013,Brown,South Dakota,531
46015,Brule,South Dakota,79
46017,Buffalo,South Dakota,26
46019,Butte,South Dakota,145
46021,Campbell,South Dakota,14
46023,Charles Mix,South Dakota,125
46025,Clark,South Dakota,53
46027,Clay,South Dakota,152
46029,Codington,South Dakota,388
46031,Corson,South Dakota,57
46033,Custer,South Dakota,119
46035,Davison,South Dakota,279
46037,Day,South Dakota,85
46039,Deuel,South Dakota,62
46041,Dewey,South Dakota,100
46043,Douglas,South Dakota,47
46045,Edmunds,South Dakota,53
46047,Fall River,South Dakota,104
46049,Faulk,South Dakota,32
46051,Grant,South Dakota,108
46053,Gregory,South Dakota,72
46055,Haakon,South Dakota,38
46057,Hamlin,South Dakota,76
46059,Hand,South Dakota,53
46061,Hanson,South Dakota,56
46063,Harding,South Dakota,13
46065,Hughes,South Dakota,257
46067,Hutchinson,South Dakota,100
46069,Hyde,South Dakota,17
46071,Jackson,South Dakota,40
46073,Jerauld,South Dakota,26
46075,Jones,South Dakota,10
46077,Kingsbury,South Dakota,71
46079,Lake,South Dakota,182
46081,Lawrence,South Dakota,356
46083,Lincoln,South Dakota,693
46085,Lyman,South Dakota,69
46087,Mccook,South Dakota,77
46089,Mcpherson,South Dakota,37
46091,Marshall,South Dakota,62
46093,Meade,South Dakota,380
46095,Mellette,South Dakota,21
46097,Miner,South Dakota,40
46099,Minnehaha,South Dakota,2651
46101,Moody,South Dakota,89
46103,Pennington,South Dakota,1600
46105,Perkins,South Dakota,48
46107,Potter,South Dakota,45
46109,Roberts,South Dakota,152
46111,Sanborn,South Dakota,37
46113,Shannon,South Dakota,177
46115,Spink,South Dakota,88
46117,Stanley,South Dakota,51
46119,Sully,South Dakota,23
46121,Todd,South Dakota,125
46123,Tripp,South Dakota,88
46125,Turner,South Dakota,112
46127,Union,South Dakota,225
46129,Walworth,South Dakota,81
46135,Yankton,South Dakota,310
46137,Ziebach,South Dakota,14
47001,Anderson,Tennessee,1020
47003,Bedford,Tennessee,646
47005,Benton,Tennessee,218
47007,Bledsoe,Tennessee,150
47009,Blount,Tennessee,1690
47011,Bradley,Tennessee,1383
47013,Campbell,Tennessee,491
47015,Cannon,Tennessee,183
47017,Carroll,Tennessee,374
47019,Carter,Tennessee,726
47021,Cheatham,Tennessee,536
47023,Chester,Tennessee,215
47025,Claiborne,Tennessee,399
47027,Clay,Tennessee,107
47029,Cocke,Tennessee,493
47031,Coffee,Tennessee,736
47033,Crockett,Tennessee,204
47035,Cumberland,Tennessee,793
47037,Davidson,Tennessee,10265
47039,Decatur,Tennessee,152
47041,Dekalb,Tennessee,256
47043,Dickson,Tennessee,682
47045,Dyer,Tennessee,539
47047,Fayette,Tennessee,582
47049,Fentress,Tennessee,228
47051,Franklin,Tennessee,542
47053,Gibson,Tennessee,686
47055,Giles,Tennessee,390
47057,Grainger,Tennessee,293
47059,Greene,Tennessee,914
47061,Grundy,Tennessee,197
47063,Hamblen,Tennessee,828
47065,Hamilton,Tennessee,4967
47067,Hancock,Tennessee,81
47069,Hardeman,Tennessee,349
47071,Hardin,Tennessee,354
47073,Hawkins,Tennessee,727
47075,Haywood,Tennessee,291
47077,Henderson,Tennessee,372
47079,Henry,Tennessee,456
47081,Hickman,Tennessee,305
47083,Houston,Tennessee,103
47085,Humphreys,Tennessee,248
47087,Jackson,Tennessee,141
47089,Jefferson,Tennessee,680
47091,Johnson,Tennessee,205
47093,Knox,Tennessee,6086
47095,Lake,Tennessee,79
47097,Lauderdale,Tennessee,352
47099,Lawrence,Tennessee,529
47101,Lewis,Tennessee,161
47103,Lincoln,Tennessee,457
47105,Loudon,Tennessee,698
47107,Mcminn,Tennessee,682
47109,Mcnairy,Tennessee,339
47111,Macon,Tennessee,311
47113,Madison,Tennessee,1466
47115,Marion,Tennessee,381
47117,Marshall,Tennessee,427
47119,Maury,Tennessee,1205
47121,Meigs,Tennessee,156
47123,Monroe,Tennessee,595
47125,Montgomery,Tennessee,2508
47127,Moore,Tennessee,82
47129,Morgan,Tennessee,240
47131,Obion,Tennessee,446
47133,Overton,Tennessee,283
47135,Perry,Tennessee,100
47137,Pickett,Tennessee,70
47139,Polk,Tennessee,226
47141,Putnam,Tennessee,969
47143,Rhea,Tennessee,422
47145,Roane,Tennessee,681
47147,Robertson,Tennessee,943
47149,Rutherford,Tennessee,3802
47151,Scott,Tennessee,271
47153,Sequatchie,Tennessee,194
47155,Sevier,Tennessee,1439
47157,Shelby,Tennessee,15495
47159,Smith,Tennessee,254
47161,Stewart,Tennessee,167
47163,Sullivan,Tennessee,2130
47165,Sumner,Tennessee,2343
47167,Tipton,Tennessee,824
47169,Trousdale,Tennessee,117
47171,Unicoi,Tennessee,225
47173,Union,Tennessee,242
47175,Van Buren,Tennessee,80
47177,Warren,Tennessee,552
47179,Washington,Tennessee,1676
47181,Wayne,Tennessee,193
47183,Weakley,Tennessee,400
47185,White,Tennessee,351
47187,Williamson,Tennessee,2974
47189,Wilson,Tennessee,1671
48001,Anderson,Texas,625
48003,Andrews,Texas,221
48005,Angelina,Texas,1232
48007,Aransas,Texas,370
48009,Archer,Texas,116
48011,Armstrong,Texas,24
48013,Atascosa,Texas,655
48015,Austin,Texas,442
48017,Bailey,Texas,106
48019,Bandera,Texas,291
48021,Bastrop,Texas,1040
48023,Baylor,Texas,57
48025,Bee,Texas,371
48027,Bell,Texas,4650
48029,Bexar,Texas,26783
48031,Blanco,Texas,159
48033,Borden,Texas,1
48035,Bosque,Texas,245
48037,Bowie,Texas,1308
48039,Brazoria,Texas,4333
48041,Brazos,Texas,2358
48043,Brewster,Texas,137
48045,Briscoe,Texas,20
48047,Brooks,Texas,118
48049,Brown,Texas,510
48051,Burleson,Texas,245
48053,Burnet,Texas,665
48055,Caldwell,Texas,544
48057,Calhoun,Texas,303
48059,Callahan,Texas,192
48061,Cameron,Texas,6257
48063,Camp,Texas,178
48065,Carson,Texas,75
48067,Cass,Texas,414
48069,Castro,Texas,114
48071,Chambers,Texas,530
48073,Cherokee,Texas,668
48075,Childress,Texas,85
48077,Clay,Texas,136
48079,Cochran,Texas,42
48081,Coke,Texas,47
48083,Coleman,Texas,125
48085,Collin,Texas,12122
48087,Collingsworth,Texas,46
48089,Colorado,Texas,309
48091,Comal,Texas,1812
48093,Comanche,Texas,194
48095,Concho,Texas,36
48097,Cooke,Texas,542
48099,Coryell,Texas,899
48101,Cottle,Texas,20
48103,Crane,Texas,58
48105,Crockett,Texas,53
48107,Crosby,Texas,89
48109,Culberson,Texas,35
48111,Dallam,Texas,108
48113,Dallas,Texas,37879
48115,Dawson,Texas,177
48117,Deaf Smith,Texas,281
48119,Delta,Texas,67
48121,Denton,Texas,10091
48123,Dewitt,Texas,293
48125,Dickens,Texas,24
48127,Dimmit,Texas,161
48129,Donley,Texas,57
48131,Duval,Texas,167
48133,Eastland,Texas,248
48135,Ector,Texas,2108
48137,Edwards,Texas,25
48139,Ellis,Texas,2158
48141,El Paso,Texas,12820
48143,Erath,Texas,491
48145,Falls,Texas,224
48147,Fannin,Texas,417
48149,Fayette,Texas,345
48151,Fisher,Texas,53
48153,Floyd,Texas,94
48155,Foard,Texas,12
48157,Fort Bend,Texas,9791
48159,Franklin,Texas,143
48161,Freestone,Texas,245
48163,Frio,Texas,231
48165,Gaines,Texas,231
48167,Galveston,Texas,4547
48169,Garza,Texas,63
48171,Gillespie,Texas,421
48173,Glasscock,Texas,14
48175,Goliad,Texas,101
48177,Gonzales,Texas,299
48179,Gray,Texas,286
48181,Grayson,Texas,1713
48183,Gregg,Texas,1791
48185,Grimes,Texas,380
48187,Guadalupe,Texas,1963
48189,Hale,Texas,494
48191,Hall,Texas,48
48193,Hamilton,Texas,120
48195,Hansford,Texas,71
48197,Hardeman,Texas,60
48199,Hardin,Texas,710
48201,Harris,Texas,64981
48203,Harrison,Texas,918
48205,Hartley,Texas,55
48207,Haskell,Texas,81
48209,Hays,Texas,2376
48211,Hemphill,Texas,61
48213,Henderson,Texas,1080
48215,Hidalgo,Texas,11842
48217,Hill,Texas,476
48219,Hockley,Texas,309
48221,Hood,Texas,765
48223,Hopkins,Texas,505
48225,Houston,Texas,291
48227,Howard,Texas,427
48229,Hudspeth,Texas,55
48231,Hunt,Texas,1173
48233,Hutchinson,Texas,278
48235,Irion,Texas,19
48237,Jack,Texas,107
48239,Jackson,Texas,205
48241,Jasper,Texas,461
48243,Jeff Davis,Texas,36
48245,Jefferson,Texas,3504
48247,Jim Hogg,Texas,81
48249,Jim Wells,Texas,635
48251,Johnson,Texas,2100
48253,Jones,Texas,216
48255,Karnes,Texas,203
48257,Kaufman,Texas,1506
48259,Kendall,Texas,614
48261,Kenedy,Texas,0
48263,Kent,Texas,3
48265,Kerr,Texas,773
48267,Kimble,Texas,75
48269,King,Texas,0
48271,Kinney,Texas,44
48273,Kleberg,Texas,432
48275,Knox,Texas,57
48277,Lamar,Texas,701
48279,Lamb,Texas,196
48281,Lampasas,Texas,284
48283,La Salle,Texas,98
48285,Lavaca,Texas,285
48287,Lee,Texas,238
48289,Leon,Texas,244
48291,Liberty,Texas,971
48293,Limestone,Texas,315
48295,Lipscomb,Texas,50
48297,Live Oak,Texas,159
48299,Llano,Texas,274
48301,Loving,Texas,0
48303,Lubbock,Texas,4051
48305,Lynn,Texas,87
48307,Mcculloch,Texas,121
48309,Mclennan,Texas,3357
48311,Mcmullen,Texas,7
48313,Madison,Texas,185
48315,Marion,Texas,136
48317,Martin,Texas,70
48319,Mason,Texas,71
48321,Matagorda,Texas,532
48323,Maverick,Texas,942
48325,Medina,Texas,618
48327,Menard,Texas,29
48329,Midland,Texas,2321
48331,Milam,Texas,344
48333,Mills,Texas,73
48335,Mitchell,Texas,100
48337,Montague,Texas,266
48339,Montgomery,Texas,7301
48341,Moore,Texas,309
48343,Morris,Texas,187
48345,Motley,Texas,11
48347,Nacogdoches,Texas,817
48349,Navarro,Texas,683
48351,Newton,Texas,157
48353,Nolan,Texas,217
48355,Nueces,Texas,5101
48357,Ochiltree,Texas,139
48359,Oldham,Texas,28
48361,Orange,Texas,1118
48363,Palo Pinto,Texas,393
48365,Panola,Texas,309
48367,Parker,Texas,1712
48369,Parmer,Texas,142
48371,Pecos,Texas,196
48373,Polk,Texas,691
48375,Potter,Texas,1788
48377,Presidio,Texas,128
48379,Rains,Texas,139
48381,Randall,Texas,1717
48383,Reagan,Texas,49
48385,Real,Texas,60
48387,Red River,Texas,187
48389,Reeves,Texas,161
48391,Refugio,Texas,111
48393,Roberts,Texas,6
48395,Robertson,Texas,257
48397,Rockwall,Texas,1171
48399,Runnels,Texas,154
48401,Rusk,Texas,652
48403,Sabine,Texas,139
48405,San Augustine,Texas,114
48407,San Jacinto,Texas,332
48409,San Patricio,Texas,996
48411,San Saba,Texas,88
48413,Schleicher,Texas,45
48415,Scurry,Texas,215
48417,Shackelford,Texas,57
48419,Shelby,Texas,354
48421,Sherman,Texas,34
48423,Smith,Texas,3079
48425,Somervell,Texas,115
48427,Starr,Texas,995
48429,Stephens,Texas,124
48431,Sterling,Texas,10
48433,Stonewall,Texas,16
48435,Sutton,Texas,62
48437,Swisher,Texas,105
48439,Tarrant,Texas,27876
48441,Taylor,Texas,1918
48443,Terrell,Texas,6
48445,Terry,Texas,172
48447,Throckmorton,Texas,20
48449,Titus,Texas,450
48451,Tom Green,Texas,1616
48453,Travis,Texas,19921
48455,Trinity,Texas,190
48457,Tyler,Texas,240
48459,Upshur,Texas,505
48461,Upton,Texas,45
48463,Uvalde,Texas,443
48465,Val Verde,Texas,719
48467,Van Zandt,Texas,692
48469,Victoria,Texas,1331
48471,Walker,Texas,738
48473,Waller,Texas,596
48475,Ward,Texas,154
48477,Washington,Texas,504
48479,Webb,Texas,4145
48481,Wharton,Texas,633
48483,Wheeler,Texas,80
48485,Wichita,Texas,1693
48487,Wilbarger,Texas,191
48489,Willacy,Texas,295
48491,Williamson,Texas,6341
48493,Wilson,Texas,594
48495,Winkler,Texas,94
48497,Wise,Texas,801
48499,Wood,Texas,563
48501,Yoakum,Texas,107
48503,Young,Texas,262
48505,Zapata,Texas,214
48507,Zavala,Texas,185
49001,Beaver,Utah,76
49003,Box Elder,Utah,602
49005,Cache,Utah,1315
49007,Carbon,Utah,233
49009,Daggett,Utah,4
49011,Davis,Utah,3765
49013,Duchesne,Utah,226
49015,Emery,Utah,113
49017,Garfield,Utah,62
49019,Grand,Utah,147
49021,Iron,Utah,554
49023,Juab,Utah,114
49025,Kane,Utah,91
49027,Millard,Utah,148
49029,Morgan,Utah,117
49031,Piute,Utah,11
49033,Rich,Utah,32
49035,Salt Lake,Utah,13984
49037,San Juan,Utah,139
49039,Sanpete,Utah,276
49041,Sevier,Utah,245
49043,Summit,Utah,686
49045,Tooele,Utah,676
49047,Uintah,Utah,387
49049,Utah,Utah,5981
49051,Wasatch,Utah,325
49053,Washington,Utah,1839
49055,Wayne,Utah,37
49057,Weber,Utah,2938
50001,Addison,Vermont,519
50003,Bennington,Vermont,558
50005,Caledonia,Vermont,428
50007,Chittenden,Vermont,2250
50009,Essex,Vermont,92
50011,Franklin,Vermont,673
50013,Grand Isle,Vermont,113
50015,Lamoille,Vermont,394
50017,Orange,Vermont,417
50019,Orleans,Vermont,417
50021,Rutland,Vermont,891
50023,Washington,Vermont,861
50025,Windham,Vermont,682
50027,Windsor,Vermont,879
51001,Accomack,Virginia,510
51003,Albemarle,Virginia,1422
51005,Alleghany,Virginia,197
51007,Amelia,Virginia,174
51009,Amherst,Virginia,411
51011,Appomattox,Virginia,211
51013,Arlington,Virginia,3623
51015,Augusta,Virginia,952
51017,Bath,Virginia,65
51019,Bedford,Virginia,980
51021,Bland,Virginia,74
51023,Botetourt,Virginia,431
51025,Brunswick,Virginia,218
51027,Buchanan,Virginia,253
51029,Buckingham,Virginia,202
51031,Campbell,Virginia,723
51033,Caroline,Virginia,404
51035,Carroll,Virginia,369
51036,Charles City,Virginia,102
51037,Charlotte,Virginia,170
51041,Chesterfield,Virginia,4557
51043,Clarke,Virginia,203
51045,Craig,Virginia,63
51047,Culpeper,Virginia,639
51049,Cumberland,Virginia,133
51051,Dickenson,Virginia,161
51053,Dinwiddie,Virginia,379
51057,Essex,Virginia,171
51059,Fairfax,Virginia,17229
51061,Fauquier,Virginia,971
51063,Floyd,Virginia,198
51065,Fluvanna,Virginia,317
51067,Franklin,Virginia,710
51069,Frederick,Virginia,1084
51071,Giles,Virginia,210
51073,Gloucester,Virginia,502
51075,Goochland,Virginia,342
51077,Grayson,Virginia,198
51079,Greene,Virginia,254
51081,Greensville,Virginia,128
51083,Halifax,Virginia,479
51085,Hanover,Virginia,1378
51087,Henrico,Virginia,4727
51089,Henry,Virginia,707
51091,Highland,Virginia,35
51093,Isle of Wight,Virginia,501
51095,James City,Virginia,1044
51097,King and Queen,Virginia,93
51099,King George,Virginia,322
51101,King William,Virginia,223
51103,Lancaster,Virginia,184
51105,Lee,Virginia,262
51107,Loudoun,Virginia,5237
51109,Louisa,Virginia,448
51111,Lunenburg,Virginia,160
51113,Madison,Virginia,178
51115,Mathews,Virginia,121
51117,Mecklenburg,Virginia,439
51119,Middlesex,Virginia,159
51121,Montgomery,Virginia,959
51125,Nelson,Virginia,223
51127,New Kent,Virginia,269
51131,Northampton,Virginia,201
51133,Northumberland,Virginia,181
51135,Nottoway,Virginia,204
51137,Orange,Virginia,470
51139,Page,Virginia,320
51141,Patrick,Virginia,231
51143,Pittsylvania,Virginia,813
51145,Powhatan,Virginia,355
51147,Prince Edward,Virginia,257
51149,Prince George,Virginia,443
51153,Prince William,Virginia,6088
51155,Pulaski,Virginia,419
51157,Rappahannock,Virginia,113
51159,Richmond,Virginia,107
51161,Roanoke,Virginia,1253
51163,Rockbridge,Virginia,294
51165,Rockingham,Virginia,1014
51167,Russell,Virginia,313
51169,Scott,Virginia,252
51171,Shenandoah,Virginia,588
51173,Smyth,Virginia,406
51175,Southampton,Virginia,230
51177,Spotsylvania,Virginia,1698
51179,Stafford,Virginia,1792
51181,Surry,Virginia,97
51183,Sussex,Virginia,146
51185,Tazewell,Virginia,506
51187,Warren,Virginia,522
51191,Washington,Virginia,681
51193,Westmoreland,Virginia,253
51195,Wise,Virginia,446
51197,Wythe,Virginia,386
51199,York,Virginia,886
51510,Alexandria,Virginia,2501
51520,Bristol,Virginia,233
51530,Buena Vista,Virginia,87
51540,Charlottesville,Virginia,611
51550,Chesapeake,Virginia,3177
51570,Colonial Heights,Virginia,259
51580,Covington,Virginia,80
51590,Danville,Virginia,646
51595,Emporia,Virginia,101
51600,Fairfax,Virginia,366
51610,Falls Church,Virginia,209
51620,Franklin,Virginia,136
51630,Fredericksburg,Virginia,380
51640,Galax,Virginia,99
51650,Hampton,Virginia,1984
51660,Harrisonburg,Virginia,524
51670,Hopewell,Virginia,347
51678,Lexington,Virginia,70
51680,Lynchburg,Virginia,990
51683,Manassas,Virginia,583
51685,Manassas Park,Virginia,209
51690,Martinsville,Virginia,218
51700,Newport News,Virginia,2676
51710,Norfolk,Virginia,3417
51720,Norton,Virginia,54
51730,Petersburg,Virginia,560
51735,Poquoson,Virginia,166
51740,Portsmouth,Virginia,1479
51750,Radford,Virginia,149
51760,Richmond,Virginia,3217
51770,Roanoke,Virginia,1488
51775,Salem,Virginia,334
51790,Staunton,Virginia,341
51800,Suffolk,Virginia,1205
51810,Virginia Beach,Virginia,6458
51820,Waynesboro,Virginia,311
51830,Williamsburg,Virginia,165
51840,Winchester,Virginia,404
53001,Adams,Washington,244
53003,Asotin,Washington,294
53005,Benton,Washington,2404
53007,Chelan,Washington,1099
53009,Clallam,Washington,984
53011,Clark,Washington,5903
53013,Columbia,Washington,52
53015,Cowlitz,Washington,1296
53017,Douglas,Washington,530
53019,Ferry,Washington,91
53021,Franklin,Washington,1062
53023,Garfield,Washington,32
53025,Grant,Washington,1174
53027,Grays Harbor,Washington,860
53029,Island,Washington,1092
53031,Jefferson,Washington,461
53033,King,Washington,30931
53035,Kitsap,Washington,3322
53037,Kittitas,Washington,502
53039,Klickitat,Washington,283
53041,Lewis,Washington,963
53043,Lincoln,Washington,130
53045,Mason,Washington,723
53047,Okanogan,Washington,578
53049,Pacific,Washington,275
53051,Pend Oreille,Washington,162
53053,Pierce,Washington,11007
53055,San Juan,Washington,274
53057,Skagit,Washington,1614
53059,Skamania,Washington,137
53061,Snohomish,Washington,9788
53063,Spokane,Washington,6477
53065,Stevens,Washington,554
53067,Thurston,Washington,3560
53069,Wahkiakum,Washington,50
53071,Walla Walla,Washington,746
53073,Whatcom,Washington,2756
53075,Whitman,Washington,460
53077,Yakima,Washington,3401
54001,Barbour,West Virginia,199
54003,Berkeley,West Virginia,1481
54005,Boone,West Virginia,254
54007,Braxton,West Virginia,169
54009,Brooke,West Virginia,298
54011,Cabell,West Virginia,1235
54013,Calhoun,West Virginia,80
54015,Clay,West Virginia,103
54017,Doddridge,West Virginia,76
54019,Fayette,West Virginia,539
54021,Gilmer,West Virginia,76
54023,Grant,West Virginia,154
54025,Greenbrier,West Virginia,468
54027,Hampshire,West Virginia,291
54029,Hancock,West Virginia,411
54031,Hardy,West Virginia,201
54033,Harrison,West Virginia,920
54035,Jackson,West Virginia,357
54037,Jefferson,West Virginia,724
54039,Kanawha,West Virginia,2643
54041,Lewis,West Virginia,225
54043,Lincoln,West Virginia,235
54045,Logan,West Virginia,390
54047,Mcdowell,West Virginia,209
54049,Marion,West Virginia,719
54051,Marshall,West Virginia,410
54053,Mason,West Virginia,308
54055,Mercer,West Virginia,783
54057,Mineral,West Virginia,355
54059,Mingo,West Virginia,282
54061,Monongalia,West Virginia,1178
54063,Monroe,West Virginia,166
54065,Morgan,West Virginia,227
54067,Nicholas,West Virginia,315
54069,Ohio,West Virginia,617
54071,Pendleton,West Virginia,100
54073,Pleasants,West Virginia,89
54075,Pocahontas,West Virginia,116
54077,Preston,West Virginia,399
54079,Putnam,West Virginia,719
54081,Raleigh,West Virginia,954
54083,Randolph,West Virginia,383
54085,Ritchie,West Virginia,122
54087,Roane,West Virginia,173
54089,Summers,West Virginia,135
54091,Taylor,West Virginia,214
54093,Tucker,West Virginia,90
54095,Tyler,West Virginia,113
54097,Upshur,West Virginia,286
54099,Wayne,West Virginia,466
54101,Webster,West Virginia,99
54103,Wetzel,West Virginia,202
54105,Wirt,West Virginia,63
54107,Wood,West Virginia,1173
54109,Wyoming,West Virginia,234
55001,Adams,Wisconsin,258
55003,Ashland,Wisconsin,223
55005,Barron,Wisconsin,640
55007,Bayfield,Wisconsin,226
55009,Brown,Wisconsin,3469
55011,Buffalo,Wisconsin,185
55013,Burnett,Wisconsin,220
55015,Calumet,Wisconsin,603
55017,Chippewa,Wisconsin,833
55019,Clark,Wisconsin,419
55021,Columbia,Wisconsin,787
55023,Crawford,Wisconsin,228
55025,Dane,Wisconsin,6970
55027,Dodge,Wisconsin,1106
55029,Door,Wisconsin,437
55031,Douglas,Wisconsin,575
55033,Dunn,Wisconsin,520
55035,Eau Claire,Wisconsin,1302
55037,Florence,Wisconsin,65
55039,Fond Du Lac,Wisconsin,1310
55041,Forest,Wisconsin,125
55043,Grant,Wisconsin,632
55045,Green,Wisconsin,520
55047,Green Lake,Wisconsin,260
55049,Iowa,Wisconsin,330
55051,Iron,Wisconsin,86
55053,Jackson,Wisconsin,270
55055,Jefferson,Wisconsin,1065
55057,Juneau,Wisconsin,350
55059,Kenosha,Wisconsin,2233
55061,Kewaunee,Wisconsin,258
55063,La Crosse,Wisconsin,1472
55065,Lafayette,Wisconsin,234
55067,Langlade,Wisconsin,272
55069,Lincoln,Wisconsin,381
55071,Manitowoc,Wisconsin,1056
55073,Marathon,Wisconsin,1822
55075,Marinette,Wisconsin,564
55077,Marquette,Wisconsin,216
55078,Menominee,Wisconsin,64
55079,Milwaukee,Wisconsin,13521
55081,Monroe,Wisconsin,594
55083,Oconto,Wisconsin,496
55085,Oneida,Wisconsin,537
55087,Outagamie,Wisconsin,2413
55089,Ozaukee,Wisconsin,1279
55091,Pepin,Wisconsin,97
55093,Pierce,Wisconsin,491
55095,Polk,Wisconsin,601
55097,Portage,Wisconsin,894
55099,Price,Wisconsin,192
55101,Racine,Wisconsin,2691
55103,Richland,Wisconsin,231
55105,Rock,Wisconsin,2180
55107,Rusk,Wisconsin,199
55109,St. Croix,Wisconsin,1127
55111,Sauk,Wisconsin,893
55113,Sawyer,Wisconsin,250
55115,Shawano,Wisconsin,544
55117,Sheboygan,Wisconsin,1527
55119,Taylor,Wisconsin,255
55121,Trempealeau,Wisconsin,411
55123,Vernon,Wisconsin,381
55125,Vilas,Wisconsin,335
55127,Walworth,Wisconsin,1364
55129,Washburn,Wisconsin,238
55131,Washington,Wisconsin,1739
55133,Waukesha,Wisconsin,5477
55135,Waupaca,Wisconsin,689
55137,Waushara,Wisconsin,321
55139,Winnebago,Wisconsin,2192
55141,Wood,Wisconsin,1019
56001,Albany,Wyoming,459
56003,Big Horn,Wyoming,151
56005,Campbell,Wyoming,641
56007,Carbon,Wyoming,209
56009,Converse,Wyoming,189
56011,Crook,Wyoming,97
56013,Fremont,Wyoming,587
56015,Goshen,Wyoming,180
56017,Hot Springs,Wyoming,69
56019,Johnson,Wyoming,128
56021,Laramie,Wyoming,1368
56023,Lincoln,Wyoming,241
56025,Natrona,Wyoming,1170
56027,Niobrara,Wyoming,42
56029,Park,Wyoming,447
56031,Platte,Wyoming,130
56033,Sheridan,Wyoming,431
56035,Sublette,Wyoming,131
56037,Sweetwater,Wyoming,578
56039,Teton,Wyoming,447
56041,Uinta,Wyoming,266
56043,Washakie,Wyoming,110
56045,Weston,Wyoming,97